dataset,seed,mae,r2,pearson
Dropout,0,0.2004006628918141,0.6566228809588432,0.810934579134346
Dropout,1,0.2033961141861517,0.6597988617372224,0.812637501239566
Dropout,2,0.204595239097491,0.6528804701865896,0.8082837804246327
Dropout,3,0.2124964102053898,0.6327873138222267,0.7956480540027264
Dropout,4,0.1973751011220103,0.6848974941223378,0.8288746319872445
Dropout,5,0.202581617915,0.6670398205470641,0.8168657186842335
Dropout,6,0.197250027311408,0.6672598675100632,0.8172321939649534
Dropout,7,0.2100869488087062,0.6518799122526562,0.8081070078115216
Dropout,8,0.2083614711690373,0.6342285119840403,0.7966814514220383
Dropout,9,0.2028635564449693,0.6469204100613314,0.805285614031815
Dropout,10,0.2107085669786082,0.627491248502564,0.7931389624399463
Dropout,11,0.2102707911411713,0.6354984188859378,0.797398254111233
Dropout,12,0.1955080355450392,0.6934868681038484,0.8333202707264966
Dropout,13,0.2018170279039186,0.6561552916741717,0.8102888145704075
Dropout,14,0.202557825692808,0.67631560932441,0.8227481395283845
Dropout,15,0.2109677608939298,0.6401886459927258,0.8004035671026971
Dropout,16,0.208303119136376,0.6444679163699152,0.8045268186379434
Dropout,17,0.1956509603263311,0.6916762532922129,0.8329194139062235
Dropout,18,0.2085181284301476,0.6524677267011505,0.807815759068422
Dropout,19,0.2161662494547999,0.601674320697758,0.7773599930039318
Dropout,20,0.211654166161924,0.6304917003383399,0.7946522567633828
Dropout,21,0.2126004510579985,0.6433021382254716,0.8027588220085593
Dropout,22,0.2136685866044079,0.6366379683715144,0.7979558107211666
Dropout,23,0.2001572825052824,0.6829827006558884,0.8270715880177547
Dropout,24,0.2141167564832739,0.6421514443174885,0.8017221139382543
Dropout,25,0.2009704252843307,0.6785202373229273,0.8244052353375214
Dropout,26,0.2011875967732991,0.6725097337623394,0.8202125454351951
Dropout,27,0.1962757994569042,0.6929495180769321,0.8324524396515314
Dropout,28,0.2056134181158371,0.6516940603122288,0.8072981231334874
Dropout,29,0.2129708155897314,0.6263227213535287,0.7919071109122141
Dropout,30,0.2087932918316038,0.6444471098073149,0.803044555417561
Dropout,31,0.1987539523120471,0.675986993013312,0.8222975488116917
Dropout,32,0.2052636186843478,0.6674139510476451,0.8189599176149542
Dropout,33,0.2125555363265367,0.6211751227126471,0.7886637145278015
Dropout,34,0.2035769295542832,0.6592010107649928,0.8119264681248837
Dropout,35,0.2019761920806785,0.6593294765241005,0.8121202387899418
Dropout,36,0.2064094297467978,0.6570274081900056,0.8106208365951006
Dropout,37,0.2108564924337838,0.6333444775515893,0.7964764494444172
Dropout,38,0.2065206207075897,0.6549056407476568,0.8104088606353782
Dropout,39,0.2115414602120265,0.6217277062482527,0.7910318155601594
Dropout,40,0.2045133618732708,0.6621372937561758,0.8138323815516149
Dropout,41,0.2198208202694787,0.5972758108824747,0.7749661110951652
Dropout,42,0.2050895674088008,0.6741964017979712,0.8211187461612153
Dropout,43,0.2001457357969089,0.6617827216718457,0.8135583475967383
Dropout,44,0.203971908535495,0.648579514382807,0.805424447727938
Dropout,45,0.2120946106772761,0.6395498778534647,0.7998232523268596
Dropout,46,0.2062121346946611,0.6500044196909838,0.8064708902802744
Dropout,47,0.210349814925007,0.6252894056922773,0.7914499693795274
Dropout,48,0.2120231748859642,0.6330401764030935,0.7966407170657884
Dropout,49,0.2103085352843361,0.6385390877836618,0.8000640117767511
Dropout,50,0.1999907067073783,0.6767802699369979,0.8230357300970657
Dropout,51,0.2113833903201527,0.6206792309301952,0.7884615110341415
Dropout,52,0.2045738025362753,0.6420666199162048,0.8014354110950612
Dropout,53,0.2039554931258086,0.6754057136092536,0.8237817467670635
Dropout,54,0.2107354040242114,0.633456516303307,0.7963397105861347
Dropout,55,0.2078249750094603,0.642019555396768,0.8014246897878099
Dropout,56,0.2067273836652589,0.6494179817566113,0.8070613537001808
Dropout,57,0.2096643772123119,0.6393478200061518,0.8017092906414035
Dropout,58,0.2073596640474747,0.6508741058078946,0.8073476595641992
Dropout,59,0.1945095891612302,0.6736283001144773,0.8210365372117514
Dropout,60,0.2042584044590347,0.6553590987774188,0.8095452383411671
Dropout,61,0.2103464364903908,0.6391858571929,0.7997389366738609
Dropout,62,0.2145979217774121,0.6203742045044133,0.7883255867266181
Dropout,63,0.2184401268440326,0.5993463244130434,0.7743841308855726
Dropout,64,0.2000684326424388,0.6743507515691568,0.8216113864950864
Dropout,65,0.211623369193638,0.6276547555395569,0.7924512663259407
Dropout,66,0.2005105741154367,0.6586571961294246,0.8120393745458261
Dropout,67,0.2114484707652727,0.6372154088794251,0.798281308714343
Dropout,68,0.208524424601411,0.6472539091837751,0.8058380126263794
Dropout,69,0.2092142396164123,0.6493496929859932,0.8059357411728959
Dropout,70,0.2089566337926537,0.6342728468883506,0.798793026736469
Dropout,71,0.1964579717977991,0.680408656962595,0.8248722097110702
Dropout,72,0.2008801046656105,0.6724730907944919,0.8201803394924235
Dropout,73,0.2058166052300286,0.652671003697183,0.8078987395437766
Dropout,74,0.200655699300743,0.652663861972548,0.8086847489527739
Dropout,75,0.2028298130119884,0.6619350917185595,0.8153093945594512
Dropout,76,0.2059083150389706,0.6739393795261817,0.823664399245338
Dropout,77,0.2092334399072292,0.6443822952404511,0.803632429949171
Dropout,78,0.2058711858880352,0.6513589515384672,0.8071447665110735
Dropout,79,0.2125371238680374,0.6340594569370459,0.7965644348776045
Dropout,80,0.2015666552271109,0.6796078693441682,0.8256902164190685
Dropout,81,0.2090469513809674,0.6478598484941573,0.8052898140716469
Dropout,82,0.2137849450544477,0.628270478966404,0.7952788928427214
Dropout,83,0.2106140368603812,0.6330048482231527,0.7958697199986783
Dropout,84,0.1983434739746975,0.6618161989408288,0.8136274875499924
Dropout,85,0.1988474085119627,0.6596776172124497,0.8122742052810115
Dropout,86,0.2080540655358824,0.6541329613421516,0.8093717088099476
Dropout,87,0.2075992441788158,0.6495815220872774,0.8068374568361077
Dropout,88,0.2001350686015061,0.6649112098588199,0.8156690874027156
Dropout,89,0.206750179949431,0.6409768481746518,0.8007772049566335
Dropout,90,0.2198398565402278,0.6128581392926628,0.7835141685762038
Dropout,91,0.2023818691774714,0.6713982344666914,0.8194507066403156
Dropout,92,0.2062088178377023,0.628496951845639,0.794395937313289
Dropout,93,0.2149307610083851,0.6318213047055452,0.7951367509571973
Dropout,94,0.1993880763373058,0.6717465955345174,0.8197095748095422
Dropout,95,0.2051433041440372,0.6755568216385783,0.8222006212513248
Dropout,96,0.2048157145198763,0.6646782632923376,0.8156226690271242
Dropout,97,0.2017504233643791,0.6471868789537631,0.8046592004651308
Dropout,98,0.2097577056561341,0.66194780557498,0.8138118706489783
Dropout,99,0.1978004027664565,0.7035749036370915,0.8397461973050816
EntranceExam,0,0.5823544476684452,0.4561772297518693,0.6952461199853134
EntranceExam,1,0.5739657151579006,0.5180461143312405,0.7209040307632684
EntranceExam,2,0.5552389430326071,0.5449439550574307,0.739928194353515
EntranceExam,3,0.5817078322792933,0.5091476527444907,0.7158123555893326
EntranceExam,4,0.5647367689416753,0.4132095158539056,0.658935847966797
EntranceExam,5,0.6028708204497035,0.3495411850829957,0.6175359199599734
EntranceExam,6,0.6023498682025663,0.4545509498807707,0.6846525072984859
EntranceExam,7,0.5830500009981388,0.4562924836563733,0.6758557409653363
EntranceExam,8,0.5799625978172184,0.4225691185934559,0.6567720028968113
EntranceExam,9,0.6308749737047377,0.4560581235322835,0.6797534689963582
EntranceExam,10,0.6451399854125535,0.397016554240979,0.6377999777468458
EntranceExam,11,0.5430524326680726,0.5059372135106778,0.7138742701907692
EntranceExam,12,0.5889178122954847,0.4574152709942265,0.6826334050098023
EntranceExam,13,0.5522863323872927,0.5011299768891772,0.7124081490074857
EntranceExam,14,0.6336059797981819,0.3684766567672898,0.6215531565068658
EntranceExam,15,0.6085262320905815,0.4187648610994965,0.6520671327873869
EntranceExam,16,0.6344401938259839,0.4459337037287041,0.6678241639113993
EntranceExam,17,0.6556403846858733,0.3586347020662862,0.6140876498312162
EntranceExam,18,0.5821699850954547,0.4700350839312019,0.6856688131414925
EntranceExam,19,0.613504587471822,0.4015695284179709,0.6399531622187108
EntranceExam,20,0.6019462659009307,0.4621023107221832,0.6807559748826757
EntranceExam,21,0.6039888077158841,0.4124787438975436,0.6517393453593089
EntranceExam,22,0.5488676904377925,0.5316551715000333,0.729863435649826
EntranceExam,23,0.619765897459461,0.4054269777616436,0.6404902714621289
EntranceExam,24,0.6689501070729125,0.2902972810458213,0.5732688419209393
EntranceExam,25,0.6397929669886047,0.390789542500046,0.6491284505322299
EntranceExam,26,0.6103077636419698,0.4305333505769988,0.657614708376701
EntranceExam,27,0.5977520991430686,0.4090176421500725,0.6476739829604979
EntranceExam,28,0.6540850658589776,0.4149558080338645,0.6549157406220448
EntranceExam,29,0.5672796634774829,0.4773091491862918,0.7068007962529753
EntranceExam,30,0.5748197046140816,0.5178735807929358,0.7206465918462827
EntranceExam,31,0.6021606108827918,0.4462144164540346,0.6712880109126731
EntranceExam,32,0.6054262328437856,0.46688303110311,0.6911825255789151
EntranceExam,33,0.6093269065860435,0.4712403887835107,0.688331311151702
EntranceExam,34,0.5712685111592601,0.4910731683448662,0.7057481920434358
EntranceExam,35,0.567392191894478,0.3978353049489368,0.6535148855250505
EntranceExam,36,0.6393803981440087,0.3465692480319875,0.6019962080279201
EntranceExam,37,0.6031725266964741,0.5313460394285854,0.7304387164088035
EntranceExam,38,0.5688706713350656,0.4460397257839127,0.6875688930560334
EntranceExam,39,0.5662582569546785,0.5188356612145554,0.7213959252915425
EntranceExam,40,0.62124085735363,0.3723340558678479,0.6212109600397835
EntranceExam,41,0.5991246735853885,0.4882425436713502,0.7019407192063449
EntranceExam,42,0.5977087073211336,0.4541267453927867,0.677363126863453
EntranceExam,43,0.5868671898529874,0.5240150345347085,0.7274548906129514
EntranceExam,44,0.5884724336969614,0.4678644043916617,0.6848841018108116
EntranceExam,45,0.6090017850161751,0.333033475010414,0.5888795796753953
EntranceExam,46,0.6292400828804061,0.4004830157554345,0.6415391525269624
EntranceExam,47,0.65108502908283,0.3534097224162614,0.612263537429838
EntranceExam,48,0.5971016553957085,0.4842400606683945,0.7021637941554157
EntranceExam,49,0.5934290073140155,0.4198272516406039,0.6506055433977947
EntranceExam,50,0.6080008796150238,0.4394336921225794,0.6785273069713227
EntranceExam,51,0.6556407574024559,0.3623775044987188,0.6115942509620094
EntranceExam,52,0.5725052977699133,0.4498123970989295,0.6732117075776668
EntranceExam,53,0.5539167687956859,0.5176528084532499,0.7196729416975951
EntranceExam,54,0.5859926508607983,0.3833916439428435,0.6362539661873251
EntranceExam,55,0.5899214655061064,0.4576702588842454,0.6841029740498885
EntranceExam,56,0.5916045130694838,0.4742327697378568,0.6890089952069564
EntranceExam,57,0.5973451832464519,0.4798483072597062,0.6944882895031516
EntranceExam,58,0.60597579700645,0.4151796840506231,0.6569615157073037
EntranceExam,59,0.5749017199117,0.4697208946173431,0.6950192145075481
EntranceExam,60,0.6269211961797394,0.4924987748614265,0.7056895921949198
EntranceExam,61,0.5631322468430755,0.5349553671965352,0.7499620957204033
EntranceExam,62,0.5797036824519644,0.420178313809035,0.6512132055113453
EntranceExam,63,0.5868791918744207,0.4358842351728424,0.6623776697552277
EntranceExam,64,0.5477350753727402,0.4092332406945073,0.6799539333052668
EntranceExam,65,0.6378733432512103,0.3230761319125889,0.6036076468881804
EntranceExam,66,0.6214972682094817,0.4058837834786852,0.6547573874207336
EntranceExam,67,0.6289141885065259,0.3414064480466974,0.6064951358415489
EntranceExam,68,0.5832065887164538,0.4764975280962183,0.692028498501063
EntranceExam,69,0.580449952519496,0.4714564338019591,0.6947644807744643
EntranceExam,70,0.5924207202069754,0.4097333708554573,0.6469360704201079
EntranceExam,71,0.6162159008801978,0.4256343920932446,0.6542482333113562
EntranceExam,72,0.566177659168496,0.3869040623865378,0.6442815680977275
EntranceExam,73,0.5702343935683282,0.4807678948655554,0.6959926929004949
EntranceExam,74,0.5710557223021966,0.4748001466165125,0.6950134676897467
EntranceExam,75,0.5354683873211717,0.529755467138344,0.7286535032629777
EntranceExam,76,0.620830990565661,0.3703795522742646,0.6193253550081861
EntranceExam,77,0.6022420768915974,0.3819990597740696,0.6440906748715407
EntranceExam,78,0.5809602108238844,0.5338368552685986,0.7361395587361592
EntranceExam,79,0.55583231500203,0.5323316707947222,0.7323921584293203
EntranceExam,80,0.6360947426116523,0.3115486202353804,0.5978648098945025
EntranceExam,81,0.5636446431862029,0.4911544127055952,0.710883199805796
EntranceExam,82,0.5971958723460786,0.4144837999017258,0.6493365944888283
EntranceExam,83,0.6814191545296489,0.261121193884546,0.5421687753014421
EntranceExam,84,0.6036382244654447,0.4220348248116388,0.6518754394383868
EntranceExam,85,0.594441662241995,0.4135842833979399,0.65147255858395
EntranceExam,86,0.6340403204052069,0.4521582221891107,0.6799632419822257
EntranceExam,87,0.6679382952097122,0.3152467033635723,0.6039540569154239
EntranceExam,88,0.6823069398681864,0.3276119125078253,0.5765338463222187
EntranceExam,89,0.5402968476039823,0.5024679261512317,0.7257985658002573
EntranceExam,90,0.5369032691315937,0.4852183609229233,0.7054622963743262
EntranceExam,91,0.599583481275799,0.4260201222074945,0.6618481599274999
EntranceExam,92,0.6504640368316771,0.3295687778205047,0.5974680322213881
EntranceExam,93,0.6161592191950407,0.4239878311167446,0.655944025289214
EntranceExam,94,0.6078481804802128,0.4569485078899431,0.6811284943081849
EntranceExam,95,0.5566179895372505,0.5193546800955617,0.7236655878082776
EntranceExam,96,0.5686994727184446,0.5372266815104494,0.7371317712229539
EntranceExam,97,0.5713223305842181,0.4889827144191059,0.7125566038977259
EntranceExam,98,0.6230286622069715,0.3942673754760362,0.6396606997748825
EntranceExam,99,0.5763674973894038,0.4847000345976793,0.7010191279283798
HigherEd,0,1.5153806719334115,0.0213596971988012,0.4465091460877458
HigherEd,1,1.9274940841835495,-0.3233847827428993,0.1663565890039856
HigherEd,2,1.499504389955812,0.2583333455314428,0.5188453243441158
HigherEd,3,1.7464794503728012,-0.0463760482094131,0.4256529021961203
HigherEd,4,1.663633071398109,0.0410827824699492,0.533489313154735
HigherEd,5,1.8928205068519208,-0.3999897306718629,0.2686901831831338
HigherEd,6,1.6365359428316977,0.2140815394410096,0.5857283019155399
HigherEd,7,1.8303035861483803,0.1074457243584849,0.47786589428423
HigherEd,8,1.5909455473447198,0.2962481817157678,0.5962930211863773
HigherEd,9,1.6710464740173394,-0.0007816643031619,0.3821590672209313
HigherEd,10,1.623262968204854,0.1098885156561914,0.4981068375590367
HigherEd,11,2.1051967362620454,-0.4901161670273095,0.3952499295085132
HigherEd,12,1.7936983603765726,-0.0667448461606383,0.3826439245298694
HigherEd,13,1.677552402135797,-0.0911617260021075,0.4240633085005345
HigherEd,14,1.19738586007295,0.5212137604075118,0.7789530027811754
HigherEd,15,1.6393283062512871,0.0937285764736354,0.4381723159503894
HigherEd,16,1.88910713315668,0.0178524287147748,0.3361779990081561
HigherEd,17,1.4159331775174262,0.4097981068584361,0.6495205985460691
HigherEd,18,1.9169539653146532,-0.3365842284533185,0.2833045923833739
HigherEd,19,1.5125751207460976,0.4319481497921517,0.7041242212821164
HigherEd,20,1.2194694973594158,0.328338768822868,0.6352723848952635
HigherEd,21,1.7939237097911964,-0.5883354226331439,0.206050836875563
HigherEd,22,2.0041004562458005,-0.3313272883221194,0.3043129461369328
HigherEd,23,1.5762696257800703,-0.1182545367690706,0.355099583567217
HigherEd,24,1.4758446628774886,0.3785845481886013,0.6757634145195675
HigherEd,25,1.6392795438962224,0.1875753903131023,0.5439809532067855
HigherEd,26,1.5791145129323163,0.0981661042286841,0.4782440622569127
HigherEd,27,1.5711636248955714,0.1750476213093444,0.5634237539175585
HigherEd,28,1.6106828051884725,-0.0150972166284857,0.53506205211791
HigherEd,29,1.5732096726705007,0.1796354927316295,0.4825666784528305
HigherEd,30,1.5368591305470736,0.2565917304199501,0.5766243339378777
HigherEd,31,2.103621795635306,-0.3000313506773246,0.2719343516893646
HigherEd,32,2.1515507591819967,-0.2251822545575139,0.2076537684182411
HigherEd,33,1.4840202394706827,0.2477901044026038,0.5719523233167525
HigherEd,34,1.7790142028626033,0.1295945569386374,0.4637513762105259
HigherEd,35,1.984028054574756,-0.1161130873952571,0.3704858379778644
HigherEd,36,1.6906822141465854,0.0775370921803849,0.4495677653164754
HigherEd,37,2.068842587408851,-0.0343098080253698,0.4445936826387641
HigherEd,38,1.7871239547429274,-0.0402141507281748,0.4310875724556979
HigherEd,39,1.4011568794052085,0.2316554889495032,0.5105863922458428
HigherEd,40,1.5611233660440982,0.2714063570914441,0.5811107146384157
HigherEd,41,1.7085994130880289,0.1862220686800102,0.5822918013866727
HigherEd,42,1.8466608315283768,-0.0857015648097174,0.2510763325876026
HigherEd,43,1.4377644288987306,0.377147928543375,0.6281852848204691
HigherEd,44,1.5345489608649965,0.2675062734743079,0.5604098397757915
HigherEd,45,1.8157462990072075,-0.1215066155500346,0.4911995197023233
HigherEd,46,1.594287019767305,0.1483442088471518,0.5124706280735958
HigherEd,47,1.7035535903042485,0.2498171720289792,0.5170246188485262
HigherEd,48,1.35057944805217,0.1656882674598053,0.5885864375020202
HigherEd,49,1.2499980216248692,0.4192845787310642,0.6509270572148439
HigherEd,50,1.8637238355449088,-0.4418631228520471,0.5225665487025469
HigherEd,51,1.6064793417794854,0.2017704514546182,0.5170154154089496
HigherEd,52,2.101703264729204,-0.5145809157724293,0.2725037402228585
HigherEd,53,1.8034943852956649,0.1536108098861689,0.4647295169012372
HigherEd,54,1.6692150814210118,0.069787803595914,0.399738961859367
HigherEd,55,1.4258363374647425,0.2654635361740937,0.6022866832181492
HigherEd,56,1.3702689609471548,0.3826124608859176,0.6329821620691869
HigherEd,57,1.9190400568124704,-0.8951072656353387,0.2619640285352541
HigherEd,58,1.6170116114646105,-0.2373189131447064,0.5072047462989573
HigherEd,59,1.7659826495517073,0.1329494441863196,0.5189482048169822
HigherEd,60,1.7726617162244365,-0.0867500960869531,0.4806489534058296
HigherEd,61,1.764439279246888,0.2689903766721194,0.544702527771201
HigherEd,62,1.7031406036022418,0.0460191427445941,0.4822379949853858
HigherEd,63,1.8681300156054803,-0.1643870072508417,0.2679046036244626
HigherEd,64,1.8044876500585016,-0.0149637352008207,0.3866299082566829
HigherEd,65,2.0900421455835945,-0.3438552946489097,0.1749175983388609
HigherEd,66,1.637928357166644,0.1209191045605633,0.542161509049848
HigherEd,67,1.7143263754403557,0.15341886550629,0.5099762565948375
HigherEd,68,1.4572651330973805,0.2823114605433313,0.5912996751184941
HigherEd,69,1.6999327159184083,0.0807055514980136,0.4371681850820691
HigherEd,70,1.7119819701924583,-0.1536584373914398,0.374680212769947
HigherEd,71,1.4442045173590314,0.2416138578901422,0.5505350744014371
HigherEd,72,1.642823495171157,0.3809664227959788,0.6551309150700021
HigherEd,73,1.6430438369253615,0.0959624396389386,0.541358767281666
HigherEd,74,1.5918047692146409,0.3000979600895364,0.5720841266114519
HigherEd,75,1.794389356270642,-0.1968656405725806,0.2682694518030195
HigherEd,76,1.6973261757321507,0.0921923548197806,0.6082675957615493
HigherEd,77,1.8736568540734804,-0.3472030466708531,0.2872216332088099
HigherEd,78,1.5118346816788613,0.2446130172526733,0.5707267010759673
HigherEd,79,1.6332012328714265,0.321148909040581,0.5997599029935269
HigherEd,80,1.72633359564291,0.1054170121229716,0.4961719714183265
HigherEd,81,1.917925191588743,-0.1096171983227389,0.2872569851850653
HigherEd,82,1.889347420818405,0.0711470280577506,0.4386267915328128
HigherEd,83,1.9105908932027025,-0.2754912271601795,0.3995276654874947
HigherEd,84,1.8131415807083415,0.066056402466141,0.4616958202381359
HigherEd,85,1.4659551692054995,0.4266899739646292,0.6726207696089653
HigherEd,86,1.6371901944034666,0.0321072138696962,0.4066957021495111
HigherEd,87,1.968808512092056,-0.27259949865244,0.3081494587686983
HigherEd,88,1.553763328963724,0.1546084205076033,0.4343307051897394
HigherEd,89,1.8609738541723344,-0.152378751254641,0.4063672611060096
HigherEd,90,1.4499088593930956,0.3440409166441676,0.5942464032373775
HigherEd,91,1.8985175599647464,-0.0545989288649708,0.3961797938205732
HigherEd,92,1.469788494160437,0.3994025428722545,0.6371119953682325
HigherEd,93,1.7471744265332083,0.3093047302123936,0.615032992369826
HigherEd,94,1.6325406429784428,-0.0242442800757602,0.4121034184486971
HigherEd,95,1.8337616065494369,-0.6560638329186004,0.3590533214341549
HigherEd,96,1.8941638428754544,-0.2281033275060864,0.2072302385398947
HigherEd,97,1.6591250702029972,0.1088125671203814,0.5022455174441591
HigherEd,98,1.7774277894551598,0.0470345365043727,0.4914246667455194
HigherEd,99,1.6149195424985996,0.1849486286834775,0.491029791366281
MM-TBA,0,0.8767872842345962,-0.0281862025815395,0.3521801299805579
MM-TBA,1,0.6410290267174064,-0.0439949682802076,0.2395529427266681
MM-TBA,2,0.7420834311332396,-0.003566304745578,0.2695725202736947
MM-TBA,3,0.8062625963753557,-0.0898995503695354,-0.0168943098780785
MM-TBA,4,0.863180585567893,-0.1329615985438366,0.257762896736481
MM-TBA,5,0.7823150207254459,-0.0658860448740128,0.1625291834124064
MM-TBA,6,0.7802575746578979,-0.0574474815187939,0.1246644578414372
MM-TBA,7,0.7341546900176481,-0.0458409100959782,0.1921427734964473
MM-TBA,8,0.743826701225893,0.1679636414103394,0.4250932834603774
MM-TBA,9,0.6563075064189814,-0.0884960395829081,0.2014151166120112
MM-TBA,10,0.7613020010160632,-0.1544047610955226,0.0911820069708034
MM-TBA,11,0.8653050797240146,-0.2346451943513734,0.0973868125488862
MM-TBA,12,0.7950256172179877,-0.1272891336199111,0.0636968443397822
MM-TBA,13,0.8246224674522066,0.0829652901973012,0.2889525810637181
MM-TBA,14,0.7355192259113738,-0.0555974972451089,0.2534490040884792
MM-TBA,15,0.6537316418864136,0.2187997055041853,0.4786533031979595
MM-TBA,16,0.9082180367446197,0.0853559141300883,0.3119518832750172
MM-TBA,17,0.7101742062536379,-0.165883048878801,0.0738535823513937
MM-TBA,18,0.7971017210093392,0.0342124466251015,0.2569883931498603
MM-TBA,19,0.8545580726529933,-0.1914012202520298,0.0858999215582558
MM-TBA,20,0.759151303020248,0.0954801795652078,0.3181976298391665
MM-TBA,21,0.8111993486702243,-0.0516779448126079,0.1293050850665224
MM-TBA,22,0.9762914983119434,-0.3137543314448869,0.0854823893824775
MM-TBA,23,0.7412325680362586,-0.1042420529957872,0.1181127039400361
MM-TBA,24,0.6560028829257167,0.2762181954454152,0.5563179062322601
MM-TBA,25,0.6824895979900545,-0.0307517276915545,0.1677311915239578
MM-TBA,26,0.806730154920963,0.0636102740239985,0.2864929338322105
MM-TBA,27,0.7980358998919801,-0.1472074065701529,0.0556354042786304
MM-TBA,28,0.6880423953893823,0.0601980558724759,0.3253657187355914
MM-TBA,29,0.8379387642742873,-0.1157761572120241,0.0745690185327809
MM-TBA,30,0.681670483244923,0.0436649679932492,0.2567715901942735
MM-TBA,31,0.9606980072822604,-0.0473720068648233,0.0506779103538467
MM-TBA,32,0.7347154514612395,-0.0058313391230468,0.1868256622037008
MM-TBA,33,0.7523331878267693,0.1169023492799224,0.4025122370351605
MM-TBA,34,0.871319561314491,0.115792768370644,0.3411328080801086
MM-TBA,35,0.7722033258955765,-0.1099733998734282,0.0616316326866222
MM-TBA,36,0.8954141987946966,-0.0005165926839774,0.1644591595213584
MM-TBA,37,0.7883460862746484,0.0602097477925398,0.2564412292335186
MM-TBA,38,0.6497137179864549,0.0095668311326964,0.3694342807958087
MM-TBA,39,0.9273465960854308,-0.2706258510362045,-0.1903266860829681
MM-TBA,40,0.8060342631992458,-0.0281385669945852,0.1500860955167769
MM-TBA,41,0.6991860374790096,-0.1052473564317959,0.1875009871495433
MM-TBA,42,0.8371251331430316,-0.0915556943660738,0.0788813130246808
MM-TBA,43,0.9000182537485015,-0.0383664499523921,0.2484402804165544
MM-TBA,44,0.8738531393743956,-0.2650088457078419,0.0170403466017955
MM-TBA,45,0.6488602257407325,0.0609286015408711,0.2949199797583812
MM-TBA,46,0.8771688749539585,0.012577370424354,0.2155205579183347
MM-TBA,47,0.7371285730789328,-0.0975288902960227,0.2089653688183059
MM-TBA,48,0.7823604319039354,-0.1189912019173518,0.1121009897606555
MM-TBA,49,0.9701544317363308,-0.1865511031601787,0.0601086793119809
MM-TBA,50,0.7872809011386191,-0.0659659045348786,0.1514079212721659
MM-TBA,51,0.813194663492009,-0.0240428996426367,0.1537930337550836
MM-TBA,52,0.7888940947175819,0.0843989502615158,0.3207115783447393
MM-TBA,53,0.8005658274960312,-0.0649975482833877,0.2848747182270663
MM-TBA,54,0.8340272160408656,-0.2385326362274136,0.0387928297463783
MM-TBA,55,0.6900157197878608,-0.1473558416088545,0.1959645843179239
MM-TBA,56,0.67315941245376,-0.0769182713944198,0.1427173915935316
MM-TBA,57,0.8521405980778386,-0.0571958277999076,0.0905304302633572
MM-TBA,58,0.8672863831463976,-0.1773024315846194,0.0683724428019724
MM-TBA,59,0.8917029065296329,-0.0156187129920812,0.1718160829891189
MM-TBA,60,0.8194263765619277,-0.0089589687585409,0.2282211875595811
MM-TBA,61,0.7057686991134959,0.0493256901400449,0.3190160877747451
MM-TBA,62,0.8810297644716327,-0.1968518848494218,-0.1326585073462324
MM-TBA,63,0.6611136405215661,0.1025747214740799,0.3309182599076947
MM-TBA,64,0.8679710226482031,-1.1024555891217642,-0.1158548010725103
MM-TBA,65,0.9660812841464158,-0.0233047797521503,0.2578806758689501
MM-TBA,66,0.7889598528379766,-0.1910216795100208,0.0944998338129719
MM-TBA,67,0.8356310890061489,-0.0828971074285094,0.0256273085907512
MM-TBA,68,0.6914036527964569,-0.338782781123004,0.0840669849208132
MM-TBA,69,0.8954734472817268,-0.3200855573424552,-0.1567384757401994
MM-TBA,70,0.7222654652368538,-0.0025012769462389,0.1683939870937303
MM-TBA,71,0.8076172536911306,-0.2494180987869614,0.2139250527357703
MM-TBA,72,0.7426986918461187,-0.1974944246617287,-0.0618005113673259
MM-TBA,73,0.7704099177846543,0.0714520356788596,0.3054589744153912
MM-TBA,74,0.9008804479311112,0.0686308514684856,0.2895797736123346
MM-TBA,75,0.9153386940918884,-0.4269700291495439,-0.1167279202225098
MM-TBA,76,0.8357773810742666,-0.003684281428103,0.3151555542935498
MM-TBA,77,0.689603981452328,-0.127471230283364,-0.0075869719850727
MM-TBA,78,0.8776458391053747,-0.0505378878114952,0.1572225226605193
MM-TBA,79,0.7073722710239457,0.1073838727505067,0.3358985563742537
MM-TBA,80,0.8016348390912398,0.0134712167276449,0.2562730437087199
MM-TBA,81,0.8665431116690975,-0.1544596130103788,0.0763729631383799
MM-TBA,82,0.7445163223456488,0.0900175936087634,0.3020383888727831
MM-TBA,83,0.9562772654809576,-0.5198621704411195,-0.2261258065849341
MM-TBA,84,0.7020919461950665,0.0404659298808124,0.2670421514032253
MM-TBA,85,0.8442065973272599,-0.0332766574175333,0.1119711128915428
MM-TBA,86,0.8005165566115606,0.0737626075987868,0.2978958583724079
MM-TBA,87,1.0043988683066714,-0.2905424487693075,0.0506032360708432
MM-TBA,88,0.7674766418613365,0.0781559644364188,0.3322483840044977
MM-TBA,89,0.6610329614802489,0.10782066294653,0.3601999886541975
MM-TBA,90,0.7990954546456522,0.1961750579683903,0.485190808157508
MM-TBA,91,0.687004766560807,-0.1978037705261606,0.1766448777155605
MM-TBA,92,0.8826877669665188,-0.3349541081117821,-0.1155344581952078
MM-TBA,93,0.928441983494347,-0.2643527184589416,-0.0918553657252057
MM-TBA,94,0.7906569706096046,0.082541740827882,0.3346865809199661
MM-TBA,95,0.645410409371168,0.1842336921342735,0.4330079506348697
MM-TBA,96,0.7643899857448642,0.0595301817444754,0.2525997671429366
MM-TBA,97,0.8892702685423428,-0.2246339974394386,-0.1090387122863866
MM-TBA,98,0.7835947393872865,-0.1236652196632837,0.0695460689705126
MM-TBA,99,0.6297500819773948,0.2864325199713098,0.5935721108183206
OULAD,0,0.2998044669613701,0.4593349643574478,0.6777831422688244
OULAD,1,0.2964224822436763,0.4716718859105379,0.6870099363242465
OULAD,2,0.2938849121053782,0.4823821346847814,0.6947383639274677
OULAD,3,0.2980279197474089,0.466645661438862,0.6831966314242325
OULAD,4,0.2943934835964329,0.4746181547919456,0.6889353580166799
OULAD,5,0.2981670912626946,0.4684310415794589,0.6844625622883346
OULAD,6,0.2940827329150299,0.4749431525178722,0.6892311389500476
OULAD,7,0.2972517086138966,0.459746540076039,0.6783413112428864
OULAD,8,0.3002032868908322,0.4538052073857831,0.6740000806172751
OULAD,9,0.2948963569133718,0.4675311369144347,0.6839199485158524
OULAD,10,0.2971990641797045,0.4672458491813172,0.6836553106931502
OULAD,11,0.2959732162843448,0.4812912517105726,0.6944427868992851
OULAD,12,0.2963118652215278,0.4771802935741238,0.6911767235370897
OULAD,13,0.2936252738709713,0.4835756006950704,0.6955561994024883
OULAD,14,0.2943530709534774,0.4825296854280871,0.6949326811406088
OULAD,15,0.2966512441692724,0.4604871661474325,0.6788943511352498
OULAD,16,0.2952555729835449,0.4767924758194148,0.6905354433735729
OULAD,17,0.2991725008203856,0.4626062480938383,0.6802350467551566
OULAD,18,0.2933117337763558,0.4794530292998935,0.6924494162823684
OULAD,19,0.2968131105424415,0.462975021207757,0.6805152343052179
OULAD,20,0.2952525295203523,0.4703609770734279,0.6859699370369803
OULAD,21,0.29725650975856,0.4687533235322766,0.6846621788136313
OULAD,22,0.3001416573646513,0.4594980829963648,0.6779118003262626
OULAD,23,0.2955394963836497,0.473206060469505,0.6880699278031823
OULAD,24,0.2998418951059825,0.462858332488494,0.6803580619254981
OULAD,25,0.2922214574486669,0.4828116281693108,0.6950047978447361
OULAD,26,0.2975908868902663,0.4686027679087622,0.6846816570592569
OULAD,27,0.2931208409664891,0.4777154210391634,0.6913056006974265
OULAD,28,0.2969718598926467,0.4671305008238477,0.6835427594624968
OULAD,29,0.2943554505077826,0.4823406851524126,0.6948160143307694
OULAD,30,0.2999387320783196,0.4611651471833218,0.6791413102668757
OULAD,31,0.2950973441629262,0.4716984771378281,0.6868910799622497
OULAD,32,0.2975187461341813,0.4683827620193325,0.6844438632518997
OULAD,33,0.2947733151206324,0.4702430248631369,0.6858167769105858
OULAD,34,0.2956671649586539,0.4706544135753454,0.6861338089039457
OULAD,35,0.2952906001285855,0.4711976626776765,0.686543241121655
OULAD,36,0.3009113656765833,0.4557977403663519,0.6755564931605038
OULAD,37,0.2945121582458332,0.4790044040174639,0.6921199373506222
OULAD,38,0.2962824907945057,0.4627842989223716,0.680454708274843
OULAD,39,0.2972943637153042,0.4738430703352666,0.6885557622313989
OULAD,40,0.2970939325525374,0.4693092990437785,0.685085359345505
OULAD,41,0.297044759219055,0.4690253908337183,0.6848916017386406
OULAD,42,0.2960403599330513,0.4599592958137507,0.6785239546290894
OULAD,43,0.2979649532009011,0.4650489852461559,0.6819589332074701
OULAD,44,0.2966683599148135,0.4713069934975739,0.686579747446666
OULAD,45,0.2987311550758129,0.4621752864214092,0.6800048469945198
OULAD,46,0.2957321933710312,0.4743116266647801,0.6888379810408711
OULAD,47,0.2939686262297082,0.4764780438561223,0.6903854567050487
OULAD,48,0.2967832549536623,0.4721096823952634,0.6871051752060463
OULAD,49,0.2930590571313387,0.4831826456531393,0.6953191400749779
OULAD,50,0.2979658477314624,0.4714543642199583,0.6871648036747172
OULAD,51,0.2971316084722185,0.464014925894643,0.681553181726956
OULAD,52,0.2977268475726078,0.4654959363889441,0.682370201650375
OULAD,53,0.2983207929905125,0.4617317004525766,0.6795247725164805
OULAD,54,0.2924109418065052,0.4805527369413804,0.6932265647052317
OULAD,55,0.2977671451018197,0.469447895510373,0.6852250352001412
OULAD,56,0.2970929376196725,0.477145277271887,0.6912063755716225
OULAD,57,0.2972856553790476,0.4670486929423629,0.6834148309063688
OULAD,58,0.2902716646493982,0.494152143093594,0.7035832362735971
OULAD,59,0.2964698487281798,0.470552763971269,0.6861263919634477
OULAD,60,0.2939054824481024,0.4784803513174339,0.6918175371465671
OULAD,61,0.293483806077225,0.4838158877035982,0.6959251459273489
OULAD,62,0.2963996723606536,0.4686463761129233,0.6846167275660292
OULAD,63,0.2951655002800346,0.4737816544761023,0.6883276190669446
OULAD,64,0.2992610313962039,0.4624579318975728,0.6800438707158716
OULAD,65,0.2944367033752886,0.4708672973060507,0.6862643776089193
OULAD,66,0.2948878725744916,0.4750069681869089,0.6892541515612741
OULAD,67,0.2906405631047944,0.4889427221372623,0.6993745938786835
OULAD,68,0.297918130961428,0.4616845424248033,0.6796888545327658
OULAD,69,0.298640779678602,0.4681374877165751,0.6842610501749447
OULAD,70,0.2946914541872533,0.4782152387132079,0.6920074306373781
OULAD,71,0.2966496912666138,0.4709846899328792,0.6863609842268414
OULAD,72,0.2979294605479631,0.4559197204185219,0.6759602775643998
OULAD,73,0.2942651490907357,0.4810624803720094,0.6936958994671951
OULAD,74,0.2980502091926068,0.4621644364116649,0.6799411255875843
OULAD,75,0.2946764433445836,0.4754365365133394,0.6895414788834343
OULAD,76,0.2966998743474086,0.4692239493228322,0.6850954616985654
OULAD,77,0.2930956188569921,0.4749221813120438,0.6891730058514245
OULAD,78,0.2923355910333573,0.4876886291834882,0.6986310743330432
OULAD,79,0.2977021452626168,0.464009807600112,0.6812770616703063
OULAD,80,0.2975974800097153,0.4579736295294805,0.6768734586545899
OULAD,81,0.294866406072061,0.4692712887412245,0.6850684527151947
OULAD,82,0.2964452015150584,0.467455625409279,0.6837377499160288
OULAD,83,0.2950803504799953,0.4803514408078656,0.6931595464762227
OULAD,84,0.2943805091809856,0.4779382042428922,0.6916244462014901
OULAD,85,0.2985864051831032,0.4619092868950858,0.6798200520416282
OULAD,86,0.2951321470875954,0.4716185967560838,0.6867703205548565
OULAD,87,0.2951862483118056,0.4704112406695973,0.6859138837858897
OULAD,88,0.295074128413566,0.4671069805545941,0.6836265580970734
OULAD,89,0.295417810746448,0.4712910192816536,0.6867961815383964
OULAD,90,0.2954285234782282,0.4823355253274565,0.6949517408576067
OULAD,91,0.2982638076714339,0.4637720014694085,0.6811592801688388
OULAD,92,0.2944588240105252,0.4717334910048744,0.6870747853071444
OULAD,93,0.2968610898541586,0.4754386659741357,0.6897161991372238
OULAD,94,0.2927824298964337,0.4920893788021219,0.7021688846876672
OULAD,95,0.2926642787076602,0.478951071969745,0.692063736590113
OULAD,96,0.2971151355017804,0.4623575611669787,0.6801972868176318
OULAD,97,0.2952467212635997,0.4735082789642096,0.6881251668411188
OULAD,98,0.298345827122051,0.466397949068931,0.682953806065686
OULAD,99,0.295006433528077,0.4691957365528636,0.6852683571020287
UCI,0,2.0411389863779776,0.1647935643109115,0.5284095886607834
UCI,1,1.9582656222129675,0.4132664661684093,0.6545145801680856
UCI,2,2.122885799015772,0.0929005879146818,0.3864479774617141
UCI,3,1.9267457549629212,0.4132399819180246,0.6539229371794059
UCI,4,2.0555942490960475,0.2211800831282122,0.4770569641041513
UCI,5,2.103304131345121,0.2845384096505109,0.5502067636663852
UCI,6,2.1462866412985324,0.2162696474989143,0.5085158090802697
UCI,7,1.8110084460504647,0.1673934207093717,0.4842436189542767
UCI,8,2.0354898350511657,0.1865579283240904,0.4769118378711692
UCI,9,2.40515671202992,0.1910562301951172,0.4563981913024483
UCI,10,1.9568606076275572,0.3225113613773671,0.5736292504525092
UCI,11,2.0606127864349872,0.3255603172261421,0.5724329410031385
UCI,12,1.7711110949114075,0.3587536076262616,0.6072415679423749
UCI,13,1.8354621361636272,0.1870994725918331,0.4757403625370544
UCI,14,1.789979067378726,0.2862357269286362,0.5501531672630899
UCI,15,2.2575518772361827,0.222301887374142,0.4866903551875577
UCI,16,1.8213902761260483,0.2711380312438557,0.5345421777654138
UCI,17,1.8974745360017176,0.2516446821056978,0.5317314654690832
UCI,18,2.151745337051464,0.330638562466976,0.5846267415733181
UCI,19,2.0032252360806324,0.2589837528720304,0.5183040668745705
UCI,20,1.989668596257768,0.2408684219617888,0.5031607278636232
UCI,21,1.870374005485714,0.3346749740307024,0.582636758454034
UCI,22,2.211218192966288,0.1970764937308113,0.4635933419865953
UCI,23,1.8615735620669271,0.3285503315687714,0.5796682521111332
UCI,24,1.8084141395304243,0.2868730486844468,0.5542961623433366
UCI,25,1.929287339929321,0.3445368473762537,0.5908246867707183
UCI,26,2.027944928534028,0.1812225001246115,0.4490221533463126
UCI,27,1.900004256411848,0.3180806175975468,0.569652629779249
UCI,28,2.0694327806919453,0.2394903243453895,0.4971106710762132
UCI,29,2.0376687776073186,0.3551848540391076,0.601490337148159
UCI,30,1.890252607409267,0.3379672639285588,0.5982152294131798
UCI,31,1.893179279139945,0.2779723784481324,0.5442276967063132
UCI,32,2.135337372288341,0.2669900687368542,0.5336628947984736
UCI,33,2.090753787829768,0.2198833195401098,0.4852864805494171
UCI,34,1.9403278407421127,0.3485667812680819,0.5905603600258136
UCI,35,1.8734384738700327,0.335758254175066,0.5958391277900025
UCI,36,2.118094257470554,0.1093806443880168,0.4115673144395158
UCI,37,1.8658865061289345,0.2847179942837722,0.5349340654641778
UCI,38,1.7977860522545186,0.3216424818763684,0.5879387772713568
UCI,39,2.2653211954559502,0.226554253089999,0.4767820200055914
UCI,40,2.138093618702172,0.1849547865070194,0.4750091365984729
UCI,41,1.9862589768253116,0.2999038413877191,0.5681152922837888
UCI,42,2.2085282162452518,0.2274325251805206,0.4778815005976362
UCI,43,2.337191734755417,0.2006602179026859,0.4515997257857634
UCI,44,1.902539530819486,0.1538699141843571,0.466586027980689
UCI,45,2.1153056750745542,0.1700115930598895,0.46656728084356
UCI,46,2.1398686346026685,0.2134370699976563,0.4807347750353821
UCI,47,1.7763499861210932,0.4015801092248978,0.644307980264578
UCI,48,2.0257274163375536,0.3248030516243885,0.5785450734050891
UCI,49,1.9462210433020817,0.2707070132259329,0.5383439046257155
UCI,50,2.252898191820451,0.3323357533880441,0.5892914068264586
UCI,51,1.9990732742987176,0.2794911617007181,0.5386756993672801
UCI,52,2.2476257192678406,0.3432084726826927,0.5905025547499829
UCI,53,2.1028122117472035,0.2461437984025749,0.5300706974414672
UCI,54,2.0994068266040573,0.2843481718269517,0.5403492487080298
UCI,55,2.156699187319246,0.340207732535231,0.6012761438571662
UCI,56,1.9777041651262972,0.1987159239303892,0.4715336929143138
UCI,57,1.9706350213034367,0.2915774782206495,0.5452668560211819
UCI,58,2.055141365407222,0.3103304291524644,0.5573007207628788
UCI,59,1.869367877210672,0.3567757543466667,0.5986751661457118
UCI,60,1.8628171057722795,0.3077691369131873,0.5623351802814993
UCI,61,1.7321323416757564,0.3342925185925877,0.6010848543506507
UCI,62,2.003838435696488,0.2385344251039542,0.4984709469370291
UCI,63,2.16780296980558,0.2991578249242896,0.5514428147409597
UCI,64,2.0854780353183706,0.3251316308696795,0.5719044684944435
UCI,65,1.83690799676134,0.2199554544664939,0.4917099307363095
UCI,66,1.9509225786651925,0.3025570261313147,0.5745688962650853
UCI,67,1.857586884660739,0.2939552690359819,0.548790918577593
UCI,68,2.0240639350915512,0.1979574154715453,0.4883193943757843
UCI,69,1.9879910020192135,0.2217779826690927,0.4845212315860729
UCI,70,1.7929097508785123,0.2365035473203151,0.4957162469530784
UCI,71,2.0101306656310736,0.3395268397139623,0.5843508786764112
UCI,72,2.0125535984675564,0.2805353501619011,0.5350797831645155
UCI,73,2.1555483923719923,0.2935120355910309,0.55143036315682
UCI,74,1.954697289361806,0.2847156989691992,0.5415329627897151
UCI,75,2.068064959844824,0.2789773719824622,0.5308679798129832
UCI,76,2.1079540608233702,0.1382017280360071,0.4918604106059286
UCI,77,2.2538111535953345,0.2938140905355729,0.547485588081578
UCI,78,2.006219397769009,0.286759050831747,0.5396071299062645
UCI,79,2.0434432581610693,0.2419704850867716,0.5580684998827703
UCI,80,1.978337021583628,0.1430595973391031,0.4681509268664868
UCI,81,2.0635526523072176,0.262247223089641,0.5230191523932757
UCI,82,1.9090078633961844,0.321958352159958,0.5757598228948075
UCI,83,1.827365910657867,0.3181248909990082,0.5909754195943733
UCI,84,2.0429765396302413,0.2153768504035462,0.5085476391596881
UCI,85,1.98437583203434,0.3200146914773361,0.5864535523931246
UCI,86,1.9582960664983569,0.3115212321898125,0.5755950444397829
UCI,87,1.806193087037296,0.2488483131042154,0.5192892607894377
UCI,88,1.6490880297506836,0.3367217663169175,0.5857149224416236
UCI,89,2.234977017616232,0.2116469036595298,0.4681323936976364
UCI,90,2.010325193845229,0.277716967528524,0.5280298862180676
UCI,91,2.1995378294188592,0.0369174871311156,0.3349931525643341
UCI,92,1.9837741646074225,0.2315305087039838,0.5036157499216549
UCI,93,1.879138967677546,0.1875833006554202,0.511899162077592
UCI,94,2.144107469934475,0.1888988653226179,0.4555535797100886
UCI,95,2.076826605164414,0.2329619414358065,0.5007314963767691
UCI,96,1.9830365680162203,0.1854700138191872,0.4592468095999683
UCI,97,2.292912820905058,0.2422766214726136,0.5038966996026502
UCI,98,1.832381972317617,0.2277595124434749,0.527801835129036
UCI,99,2.2553340817430407,0.1766976942264067,0.4472177343245632
xAPI-Edu,0,0.3400659075862377,0.5640714259640488,0.7752907989648328
xAPI-Edu,1,0.3814176315322707,0.4597115269176284,0.7610087610541606
xAPI-Edu,2,0.3930553048188594,0.4697903572938542,0.7134288339776023
xAPI-Edu,3,0.3229535729643958,0.6641353080814105,0.818267879164184
xAPI-Edu,4,0.4225900082290516,0.4301058572533083,0.6760458796527502
xAPI-Edu,5,0.3699541274979119,0.6696884156718351,0.822745813263236
xAPI-Edu,6,0.3493742964890753,0.5909918766054609,0.7851387672376293
xAPI-Edu,7,0.3882042742110755,0.5905184715953388,0.775079742841488
xAPI-Edu,8,0.3631057628544464,0.5639013562753252,0.7712286160636582
xAPI-Edu,9,0.3660761393209003,0.6231425432127241,0.7922334249719826
xAPI-Edu,10,0.3686346450530884,0.4889348364822917,0.7534078711594046
xAPI-Edu,11,0.3169472875977452,0.6620797414678999,0.826763019367987
xAPI-Edu,12,0.3297817510712315,0.6774715525111067,0.8262407490641761
xAPI-Edu,13,0.3645082077849951,0.6665518294526911,0.8277978150008295
xAPI-Edu,14,0.3404880091426749,0.6600076475124588,0.8155751887943408
xAPI-Edu,15,0.353673448320117,0.6205669907441956,0.7980566135305748
xAPI-Edu,16,0.3923668285630373,0.5554537191512913,0.7585875081791944
xAPI-Edu,17,0.3617188290285433,0.6630519535625712,0.8189372006096493
xAPI-Edu,18,0.3203992902634,0.6880214057412956,0.8310338680389708
xAPI-Edu,19,0.3954993809068517,0.5495378506982871,0.7454635852125902
xAPI-Edu,20,0.3210178543768671,0.7221525850201562,0.8513183293640958
xAPI-Edu,21,0.3868547552931421,0.5895883161889766,0.7771978887738978
xAPI-Edu,22,0.3436084227327914,0.632642002779227,0.8092566037305752
xAPI-Edu,23,0.3518386317591457,0.5671999124174025,0.7763600279513948
xAPI-Edu,24,0.3447683373561438,0.6256325391638675,0.7995475500011215
xAPI-Edu,25,0.4078525912324247,0.4716265060117658,0.696487481979553
xAPI-Edu,26,0.3433533129129911,0.6279566408183598,0.8002918789848582
xAPI-Edu,27,0.3673662133936872,0.6080311280955777,0.7821366728556817
xAPI-Edu,28,0.3545621454835592,0.6087084699683669,0.783180477042114
xAPI-Edu,29,0.3764237823521082,0.6548914959298984,0.815991547972976
xAPI-Edu,30,0.3383848922388642,0.6454118622054772,0.8119061662328335
xAPI-Edu,31,0.3724042386514161,0.4521535090858893,0.7242417453308362
xAPI-Edu,32,0.3518525868693246,0.6198203338160508,0.7911269574948241
xAPI-Edu,33,0.3615779038326253,0.6000937346511881,0.7761396374850412
xAPI-Edu,34,0.3657701047411926,0.6448227167617484,0.8147632439146361
xAPI-Edu,35,0.4066137681462261,0.4624965853615397,0.6991601041257088
xAPI-Edu,36,0.4156981704343772,0.4575870240357534,0.7137079747126257
xAPI-Edu,37,0.4011065837339654,0.5219796815157666,0.7497824309016893
xAPI-Edu,38,0.3957235834373245,0.6238333535535749,0.7903850801824035
xAPI-Edu,39,0.3063752661559879,0.7189870488602308,0.8512731090784404
xAPI-Edu,40,0.3832215141708485,0.5281933500352747,0.7469171616040989
xAPI-Edu,41,0.3613689956978348,0.6846965281642785,0.8295323771478976
xAPI-Edu,42,0.3216190027235289,0.6608111926669136,0.8156986349068696
xAPI-Edu,43,0.3351225438969445,0.7339249123324525,0.8633399076212024
xAPI-Edu,44,0.3503163605933964,0.6662500458706013,0.8218832153869623
xAPI-Edu,45,0.3833523231552438,0.5394289042717428,0.7486892540651715
xAPI-Edu,46,0.3675200113724592,0.6150212861678189,0.7905819069625522
xAPI-Edu,47,0.3936773251501493,0.5479055736346146,0.7523707093678511
xAPI-Edu,48,0.3434104292689421,0.5877268789900906,0.777470900016077
xAPI-Edu,49,0.3604683810216366,0.6745988671102168,0.8226463045576251
xAPI-Edu,50,0.4029843106083164,0.576540322588532,0.7660867497651133
xAPI-Edu,51,0.3329315551513642,0.6939927639678065,0.8368566375533778
xAPI-Edu,52,0.3724329419258333,0.5807620953578045,0.7730595349669462
xAPI-Edu,53,0.3569051075205237,0.561471767220985,0.7603473204753546
xAPI-Edu,54,0.360452373116144,0.6509146909928811,0.8074052936592341
xAPI-Edu,55,0.3519370387585434,0.5954362741578366,0.7870933934538867
xAPI-Edu,56,0.3926373763120557,0.5603596146860093,0.7646767703622566
xAPI-Edu,57,0.3596541968601319,0.6212840169914743,0.7903515521608133
xAPI-Edu,58,0.3286095551460745,0.6194879832664621,0.8025844160749186
xAPI-Edu,59,0.3752215030630614,0.5878301369096204,0.7717301119678606
xAPI-Edu,60,0.338586970340672,0.6325420321335739,0.8096439526489709
xAPI-Edu,61,0.3583646708005206,0.5790271988951718,0.7760359027386302
xAPI-Edu,62,0.386766909861423,0.5604877546709621,0.7719965117891968
xAPI-Edu,63,0.3544244271715038,0.5881860859434881,0.77183857991633
xAPI-Edu,64,0.3569035722101061,0.6321631218061878,0.7952110820333074
xAPI-Edu,65,0.4177736163552594,0.4408411623602604,0.7119754877250024
xAPI-Edu,66,0.3910438091522999,0.455961598924507,0.7359983544973886
xAPI-Edu,67,0.3871070517523283,0.5355414630260014,0.7392814779765554
xAPI-Edu,68,0.400030265764998,0.5597037180435693,0.7847956664565613
xAPI-Edu,69,0.3263955801978657,0.6931671001282065,0.8399627367453518
xAPI-Edu,70,0.3405913063524633,0.6180032119462775,0.7874792964282235
xAPI-Edu,71,0.3520625704092125,0.6193210951381506,0.7934147414361452
xAPI-Edu,72,0.3828876073363765,0.5505252693453856,0.7473953673961001
xAPI-Edu,73,0.3705109641792749,0.6635101540917832,0.8158594373936179
xAPI-Edu,74,0.3782817816879293,0.5310432475163291,0.7534796415383418
xAPI-Edu,75,0.3712207470464861,0.6270111933779408,0.8129920878788668
xAPI-Edu,76,0.3594176796851667,0.5263420898518961,0.760092125600874
xAPI-Edu,77,0.3651588275895969,0.5915363015448908,0.7940244151276737
xAPI-Edu,78,0.3419170262573172,0.6341523149212759,0.810857829800436
xAPI-Edu,79,0.3733063164989725,0.5655427652867653,0.7535892029673801
xAPI-Edu,80,0.4059142396773064,0.478856985817918,0.7177493252745172
xAPI-Edu,81,0.3687829421308766,0.5612172130741789,0.7601090996909364
xAPI-Edu,82,0.3534286239898125,0.624786169868761,0.8002746696131503
xAPI-Edu,83,0.3773864047885373,0.6024102313893378,0.7767454874562462
xAPI-Edu,84,0.3517135135264131,0.6446321860995876,0.8089975977341661
xAPI-Edu,85,0.3179221304298293,0.6933946655416241,0.8362375474269583
xAPI-Edu,86,0.3217540424884522,0.7017742637701767,0.8389687541340358
xAPI-Edu,87,0.3621151055390288,0.6039740523804276,0.795436547100758
xAPI-Edu,88,0.357727362191547,0.6162590495584754,0.7911466952345876
xAPI-Edu,89,0.3248482014354192,0.6726831064299158,0.826237778408682
xAPI-Edu,90,0.3631148410777238,0.6016069104239641,0.790301111144251
xAPI-Edu,91,0.3653638497045717,0.5887300009033709,0.783101536585752
xAPI-Edu,92,0.3737396790957071,0.6161420911287117,0.7995301520231239
xAPI-Edu,93,0.3850509635160681,0.5278005305397875,0.7383943741514079
xAPI-Edu,94,0.3673378729192356,0.5656945077740786,0.7739385784862143
xAPI-Edu,95,0.3708143628938795,0.6222237698625247,0.7951005564081773
xAPI-Edu,96,0.3305118938829134,0.6766604770185966,0.8247475319337464
xAPI-Edu,97,0.3445355617792939,0.6731266567082098,0.820489595710747
xAPI-Edu,98,0.3632838425380484,0.6171402757302802,0.7922415642024759
xAPI-Edu,99,0.3712941701952436,0.6041672202048183,0.7903526077236849
