dataset,seed,mae,r2,pearson
MM-TBA,0,0.7611300977190575,-0.012861303600530408,0.0
MM-TBA,1,0.9106664747260197,-0.25387823207619625,0.0
MM-TBA,2,0.76308231699851,0.06702965558546123,0.0
MM-TBA,3,0.8605907953638474,0.10110456923189434,0.0
MM-TBA,4,0.7116122724386943,-0.41717007405165396,0.0
MM-TBA,5,0.7765282204153615,-0.3008727099397391,0.0
MM-TBA,6,0.7101498519258809,-0.044563717307019454,0.0
MM-TBA,7,0.7646184203057018,-0.12415873862553714,0.0
MM-TBA,8,0.8697545679773209,-0.07048848412218087,0.0
MM-TBA,9,0.6408551006639526,-0.22037209097938745,0.0
MM-TBA,10,0.8335706954846435,0.09014137508766609,0.0
MM-TBA,11,0.8160363104296239,0.07193006108424138,0.0
MM-TBA,12,0.7418752093978014,-0.05564215283627627,0.0
MM-TBA,13,0.6659291527137978,0.13456344830929498,0.0
MM-TBA,14,0.8012728250007157,0.016316696311583404,0.0
MM-TBA,15,0.7476392866241801,-0.22149204447053522,0.0
MM-TBA,16,0.8155852748252358,-0.0013842506338142824,0.0
MM-TBA,17,0.796790688604633,-0.2393420392531275,0.0
MM-TBA,18,0.9376383158859208,0.0899715192327471,0.0
MM-TBA,19,0.773504485524748,-0.07642558481331295,0.0
MM-TBA,20,0.7035996488277841,-0.10061086082399173,0.0
MM-TBA,21,0.8108247095008165,-0.18952324484905717,0.0
MM-TBA,22,0.8144549177680587,0.15164452570130418,0.0
MM-TBA,23,0.9160117364512308,-0.09517416008972168,0.0
MM-TBA,24,0.8692912744448891,-0.14424828573083204,0.0
MM-TBA,25,0.8266570220938914,-0.13059163879857544,0.0
MM-TBA,26,0.9252934295792874,0.02793106786181676,0.0
MM-TBA,27,0.6888665212958847,-0.001976929095143923,0.0
MM-TBA,28,0.7378099108355245,0.00649881296905204,0.0
MM-TBA,29,0.7122400307679942,0.009740877886199248,0.0
MM-TBA,30,0.7600917664123943,0.3163801342993095,0.0
MM-TBA,31,0.6721135155861593,-0.14032075357869206,0.0
MM-TBA,32,0.8514651734856953,-0.15928873733973511,0.0
MM-TBA,33,0.7750318554474407,-0.21333333475784566,0.0
MM-TBA,34,0.6637228737972147,0.042927666170747586,0.0
MM-TBA,35,0.7043055609610595,0.1348737187064861,0.0
MM-TBA,36,0.8227918046655363,-0.08790045870725999,0.0
MM-TBA,37,0.8695600849751709,-0.21806221441014845,0.0
MM-TBA,38,0.9728475762457467,-0.215252665817489,0.0
MM-TBA,39,1.0546082062817264,0.049131577540393184,0.0
MM-TBA,40,0.8317864646423484,0.06573970003098684,0.0
MM-TBA,41,0.7066270658051761,0.029874881521786467,0.0
MM-TBA,42,0.6047745185196368,-0.18675947709320279,0.0
MM-TBA,43,0.8187086044265287,-0.025865802891695586,0.0
MM-TBA,44,0.7223703728813587,-0.046563006084834185,0.0
MM-TBA,45,0.7578142565756498,-0.0282805810996175,0.0
MM-TBA,46,0.7402752805962964,0.08871301956690936,0.0
MM-TBA,47,0.7822913548833111,-0.027401085697559405,0.0
MM-TBA,48,0.8898728291395642,0.054207639295390436,0.0
MM-TBA,49,0.8088432064161523,-0.05536463107156528,0.0
MM-TBA,50,0.7807005987845483,-0.015656947138774677,0.0
MM-TBA,51,0.7025159400983167,0.045671532822703684,0.0
MM-TBA,52,0.6455476371823854,-0.3286498215636156,0.0
MM-TBA,53,0.7514891338588409,-0.12477326654987528,0.0
MM-TBA,54,0.790047991483887,-0.15178417281393505,0.0
MM-TBA,55,0.9524503806337227,-0.18198612749437829,0.0
MM-TBA,56,0.8064563483811378,-0.11679213697569345,0.0
MM-TBA,57,0.8824520687130353,0.20046801554955562,0.0
MM-TBA,58,0.7503313047063229,-0.2226639970448688,0.0
MM-TBA,59,0.6892070039422292,0.10607181104403879,0.0
MM-TBA,60,0.7088041859217861,-0.36910556290891877,0.0
MM-TBA,61,0.730190010085657,-0.1275001077762574,0.0
MM-TBA,62,0.9845918569149915,-0.03830616162641462,0.0
MM-TBA,63,0.7216174642680546,0.03759416695173967,0.0
MM-TBA,64,0.8695924133081419,0.05999924870347348,0.0
MM-TBA,65,0.7143482754764323,0.07471810842990145,0.0
MM-TBA,66,0.8778906674457156,-0.129980721693209,0.0
MM-TBA,67,0.8291602952865263,-0.15034655719085252,0.0
MM-TBA,68,0.7808786223380643,0.08630179551702874,0.0
MM-TBA,69,0.791208703262839,-0.10176548294436888,0.0
MM-TBA,70,0.7364694639809621,-0.2961242157872128,0.0
MM-TBA,71,0.8346091434702414,-0.27060137375590737,0.0
MM-TBA,72,0.7542816503313021,-0.23227476403428843,0.0
MM-TBA,73,0.6855820600247148,0.02163125233464544,0.0
MM-TBA,74,0.680916773252881,-0.04194952154832185,0.0
MM-TBA,75,0.8102285115398222,0.056281704189387105,0.0
MM-TBA,76,0.9356157540460981,-0.14405557706217703,0.0
MM-TBA,77,0.8091055736842702,-0.03906134387611761,0.0
MM-TBA,78,0.7842662157847269,0.04465028442129605,0.0
MM-TBA,79,0.8203234953179209,-0.12292272765209908,0.0
MM-TBA,80,0.9112703150669086,0.014392773755121324,0.0
MM-TBA,81,0.8144001644934076,-0.1861171423230638,0.0
MM-TBA,82,0.7582091857227277,-0.1325489332859288,0.0
MM-TBA,83,0.8934662575563652,-0.1358977603493373,0.0
MM-TBA,84,0.8330654743460334,-0.2818129314509956,0.0
MM-TBA,85,0.9317524931787086,0.01980516342733038,0.0
MM-TBA,86,0.8111776296013637,-0.1516102589927223,0.0
MM-TBA,87,0.6856833976418321,-0.06523775810973001,0.0
MM-TBA,88,0.6728736776890536,0.018689280967864028,0.0
MM-TBA,89,0.9420198644696036,0.012556683871227048,0.0
MM-TBA,90,0.9485043074721005,0.051782872746546554,0.0
MM-TBA,91,0.7788387942109951,-0.08512913871847551,0.0
MM-TBA,92,0.7606821487713741,-0.14334682368615442,0.0
MM-TBA,93,0.9251277388238617,-0.08176539464895813,0.0
MM-TBA,94,0.6961514780344329,-0.36990578470957697,0.0
MM-TBA,95,0.7150793049118354,-0.326849706582663,0.0
MM-TBA,96,0.8521940356163092,-0.3045506220656509,0.0
MM-TBA,97,0.7596642722870275,-0.24621823464608866,0.0
MM-TBA,98,0.7943860039362702,0.00417622252850211,0.0
MM-TBA,99,0.7802719687522368,-0.2297702781565454,0.0
HigherEd,0,2.0389424600058836,0.1307799453540507,0.0
HigherEd,1,1.3895594770779025,0.41587402794118483,0.0
HigherEd,2,1.8669951324904495,0.06496556634985944,0.0
HigherEd,3,1.6295699077363865,0.2124156461248382,0.0
HigherEd,4,1.6827758087956723,-0.5054737119685958,0.0
HigherEd,5,1.4853303608481696,0.02784594994175716,0.0
HigherEd,6,1.6283889179833833,-0.18386456887231,0.0
HigherEd,7,1.9538559859584037,-0.2839446690224478,0.0
HigherEd,8,1.8110071027216326,-0.19317012551816926,0.0
HigherEd,9,2.0399303882432887,-0.04820483197394475,0.0
HigherEd,10,1.9294369658065431,0.2848847793233348,0.0
HigherEd,11,1.7824192670878125,-0.3126110061422825,0.0
HigherEd,12,2.0422447817367706,0.048990010850814364,0.0
HigherEd,13,1.7824006450454952,-0.08818700997679242,0.0
HigherEd,14,1.8598585884960825,-0.04648603301787288,0.0
HigherEd,15,1.6359327450269983,0.30802877219115843,0.0
HigherEd,16,1.7082377280831693,0.1842173037824439,0.0
HigherEd,17,1.5561136278741488,0.3971990798588653,0.0
HigherEd,18,1.8920360573279984,-0.0003427785808899145,0.0
HigherEd,19,1.4603592901285132,-0.14461739351410458,0.0
HigherEd,20,1.8507710356214782,-0.01882304216639718,0.0
HigherEd,21,1.657023856573598,0.10544494134039177,0.0
HigherEd,22,1.9282094118280628,0.08787857799259191,0.0
HigherEd,23,1.8445023668715332,-0.24812495993492872,0.0
HigherEd,24,2.0575198493783975,0.06494021868434863,0.0
HigherEd,25,1.8405011254819252,0.10164287943384533,0.0
HigherEd,26,1.3819571810995097,0.7116493698393392,0.0
HigherEd,27,1.6816549785829695,0.5409433129507115,0.0
HigherEd,28,1.461613055694963,-0.18653271582195768,0.0
HigherEd,29,1.5917853555326325,-0.03575018302452786,0.0
HigherEd,30,1.995907593477355,-0.3491300012570514,0.0
HigherEd,31,1.821934700479805,-0.11657566893393621,0.0
HigherEd,32,1.5558136277686347,0.12492580522168863,0.0
HigherEd,33,1.4931322367483821,0.36214692695273637,0.0
HigherEd,34,1.7015145865927066,-0.15344840843712598,0.0
HigherEd,35,1.452741527148062,-0.13348012857591357,0.0
HigherEd,36,1.5613472923628333,-0.5313520860760725,0.0
HigherEd,37,1.7571152434216726,-0.0025172066630959403,0.0
HigherEd,38,1.9250363717771115,-0.2422697232503358,0.0
HigherEd,39,1.8162054595424375,-0.1002499310041136,0.0
HigherEd,40,1.2387379485255225,-0.19282596083340048,0.0
HigherEd,41,1.7555933958644672,0.01570997501038193,0.0
HigherEd,42,1.7093304680427157,-0.42754736251498665,0.0
HigherEd,43,1.7774020798831347,-0.3500901436949487,0.0
HigherEd,44,2.0168117984734577,0.6082000356138385,0.0
HigherEd,45,1.2841482458199167,-0.30222678390734653,0.0
HigherEd,46,1.5772844886874358,-0.2514284756892182,0.0
HigherEd,47,1.8126500845614504,0.5303030310027964,0.0
HigherEd,48,1.3800547291505705,0.8149298194711929,0.0
HigherEd,49,1.988882648429914,-0.2713550942859511,0.0
HigherEd,50,1.7683352680238753,-0.05729812686771492,0.0
HigherEd,51,1.8635614460100882,0.13184074766847015,0.0
HigherEd,52,1.581298765893523,0.5014671610302914,0.0
HigherEd,53,1.8570261627697688,-0.22213625149500899,0.0
HigherEd,54,1.9077444151043932,-0.024530488380475238,0.0
HigherEd,55,1.7413583334247726,0.24796190620872005,0.0
HigherEd,56,1.7416615727241906,0.1566781970262858,0.0
HigherEd,57,1.7488185287772606,-0.0594051052119179,0.0
HigherEd,58,1.523074814954728,0.005168464788969339,0.0
HigherEd,59,1.6656105235090797,-0.3255354379731272,0.0
HigherEd,60,1.6646161315393098,-0.022637485678910788,0.0
HigherEd,61,1.771329534104686,-0.030155493966082983,0.0
HigherEd,62,1.8940751413661543,0.10269317161604159,0.0
HigherEd,63,1.4842077894611245,-0.10714815112856167,0.0
HigherEd,64,1.6700947088819291,0.1664768096974969,0.0
HigherEd,65,1.9899791204032036,0.31068224011994994,0.0
HigherEd,66,1.5469212224560913,0.08224440951051579,0.0
HigherEd,67,1.5312578332588762,0.13455893088375526,0.0
HigherEd,68,1.735270772304009,0.054991855774875094,0.0
HigherEd,69,1.8631236147819255,0.04085024284788628,0.0
HigherEd,70,1.697262103517279,-0.15144303636493844,0.0
HigherEd,71,1.9596138323541523,0.12516276239955007,0.0
HigherEd,72,1.8655944935096604,0.014904169604923394,0.0
HigherEd,73,1.8626128390928773,0.5985862558502392,0.0
HigherEd,74,1.805324376573867,0.46007357863378723,0.0
HigherEd,75,2.158476708138794,0.14364280035553584,0.0
HigherEd,76,1.6541344528249515,-0.16250116206869192,0.0
HigherEd,77,1.2960390854302357,-0.2555922473805438,0.0
HigherEd,78,2.014431216543387,0.3582270319380483,0.0
HigherEd,79,1.6038483225716025,0.11084152942655026,0.0
HigherEd,80,1.7164684127115462,0.16876971916918782,0.0
HigherEd,81,1.9557488693116287,-0.4240453566154348,0.0
HigherEd,82,1.37593981945886,0.28795871663094386,0.0
HigherEd,83,1.445754877578924,0.16191539302125318,0.0
HigherEd,84,1.3761352796034663,-0.255064434542776,0.0
HigherEd,85,1.536855929366988,-0.08481764519744751,0.0
HigherEd,86,1.782528770344311,0.11109946311990289,0.0
HigherEd,87,1.7993648854984008,0.05480838071459767,0.0
HigherEd,88,1.749999516701087,-0.03702597612120484,0.0
HigherEd,89,1.41367240805164,0.013251634568104145,0.0
HigherEd,90,1.2349916584546223,-0.026315686950900682,0.0
HigherEd,91,1.7058099718026303,0.08148050020344368,0.0
HigherEd,92,1.601045344014391,0.43293055597131536,0.0
HigherEd,93,1.786461287957496,-0.6430998385688111,0.0
HigherEd,94,1.8347621820175684,-0.022284823201069795,0.0
HigherEd,95,1.7225139905734905,0.08786234032314585,0.0
HigherEd,96,1.8463470636946409,0.1197001338462808,0.0
HigherEd,97,1.7406282190350035,-0.05827489172500157,0.0
HigherEd,98,1.8005351053840573,-0.42727913532254247,0.0
HigherEd,99,1.5546700960699802,0.12822744875882566,0.0
xAPI-Edu,0,0.39720001945069977,0.5867474654131971,0.0
xAPI-Edu,1,0.385506646915469,0.6123789580499532,0.0
xAPI-Edu,2,0.3452211797446184,0.6548556716970442,0.0
xAPI-Edu,3,0.3256849588386988,0.5721655115156266,0.0
xAPI-Edu,4,0.2892078148679413,0.6344695677900963,0.0
xAPI-Edu,5,0.3496119517812968,0.5808754947849029,0.0
xAPI-Edu,6,0.4235607300356704,0.5909742991693295,0.0
xAPI-Edu,7,0.37402226675623873,0.6554679174155051,0.0
xAPI-Edu,8,0.34921084044817335,0.46325398515964034,0.0
xAPI-Edu,9,0.37477564736973984,0.5106907113977396,0.0
xAPI-Edu,10,0.32422652472495994,0.4980438965130483,0.0
xAPI-Edu,11,0.35575388125468743,0.44006258819672,0.0
xAPI-Edu,12,0.3656539564464095,0.5527898525372357,0.0
xAPI-Edu,13,0.36102383164710067,0.6500142249366597,0.0
xAPI-Edu,14,0.38290242214523545,0.5795785367332462,0.0
xAPI-Edu,15,0.37177082660648125,0.6124480091094048,0.0
xAPI-Edu,16,0.37984657617461753,0.6731530393804765,0.0
xAPI-Edu,17,0.34599731484005397,0.6893924386858423,0.0
xAPI-Edu,18,0.38557227535469396,0.5942705635164536,0.0
xAPI-Edu,19,0.4038135630764998,0.6911561779706847,0.0
xAPI-Edu,20,0.33896704779748343,0.6052524694431212,0.0
xAPI-Edu,21,0.34102424974705925,0.5419530519240525,0.0
xAPI-Edu,22,0.3964994834845574,0.5585008862273664,0.0
xAPI-Edu,23,0.3583980384659771,0.4981561833967163,0.0
xAPI-Edu,24,0.39819698990865815,0.5384980224979321,0.0
xAPI-Edu,25,0.35213087180913505,0.5745983017303127,0.0
xAPI-Edu,26,0.3994750196646793,0.6537018447059822,0.0
xAPI-Edu,27,0.3664525561008456,0.7161609197145201,0.0
xAPI-Edu,28,0.3696147603645786,0.5048540288776687,0.0
xAPI-Edu,29,0.4022113179740315,0.6257297976703925,0.0
xAPI-Edu,30,0.3541459429026092,0.5281190968602552,0.0
xAPI-Edu,31,0.3396912742900946,0.6313050107392094,0.0
xAPI-Edu,32,0.3519804624357934,0.5900519377311148,0.0
xAPI-Edu,33,0.3744576316053016,0.4742964956459389,0.0
xAPI-Edu,34,0.3241067480595933,0.6621945653936382,0.0
xAPI-Edu,35,0.37907674926000645,0.5577790156621888,0.0
xAPI-Edu,36,0.34972981907170547,0.5626208641193553,0.0
xAPI-Edu,37,0.3918096402313888,0.5261300384629275,0.0
xAPI-Edu,38,0.3034358629148684,0.5544229381145003,0.0
xAPI-Edu,39,0.34354741333962774,0.6281175398104657,0.0
xAPI-Edu,40,0.3210950886793765,0.5860914757927115,0.0
xAPI-Edu,41,0.3425578148042639,0.6213602141350607,0.0
xAPI-Edu,42,0.3693512182680191,0.623625166129528,0.0
xAPI-Edu,43,0.358700363402461,0.6889140810921152,0.0
xAPI-Edu,44,0.3568503171069431,0.5756354812101702,0.0
xAPI-Edu,45,0.35920039982982194,0.4984066977193604,0.0
xAPI-Edu,46,0.3682465024289847,0.6716552034562951,0.0
xAPI-Edu,47,0.3380093142877914,0.5764048586509998,0.0
xAPI-Edu,48,0.3808077303052617,0.67488103983553,0.0
xAPI-Edu,49,0.3797053594910869,0.6250862409639864,0.0
xAPI-Edu,50,0.3727786140007217,0.5900484729032616,0.0
xAPI-Edu,51,0.37705738118736865,0.6227299436140535,0.0
xAPI-Edu,52,0.37056757017391617,0.7318401456387676,0.0
xAPI-Edu,53,0.41394655699125144,0.7404183980463499,0.0
xAPI-Edu,54,0.360999043606828,0.603703529330149,0.0
xAPI-Edu,55,0.35551037545538045,0.609887533564982,0.0
xAPI-Edu,56,0.34437170750121626,0.6722692997078821,0.0
xAPI-Edu,57,0.33741734122123374,0.5413903655420662,0.0
xAPI-Edu,58,0.3321227802581198,0.621660418335925,0.0
xAPI-Edu,59,0.34099676368537324,0.5972175398029924,0.0
xAPI-Edu,60,0.3614085632817382,0.6203555004547299,0.0
xAPI-Edu,61,0.3715125944239129,0.5422274499627595,0.0
xAPI-Edu,62,0.3644480007262,0.4907313175277864,0.0
xAPI-Edu,63,0.3440721186566469,0.45781132993501583,0.0
xAPI-Edu,64,0.3856313851562949,0.522886382450502,0.0
xAPI-Edu,65,0.3816201692679207,0.5677435841520885,0.0
xAPI-Edu,66,0.359188837223978,0.5790128055689572,0.0
xAPI-Edu,67,0.34688193603113804,0.7309016506469149,0.0
xAPI-Edu,68,0.37685515057375013,0.6742954542011846,0.0
xAPI-Edu,69,0.3678619109378782,0.5334616305371279,0.0
xAPI-Edu,70,0.3270416304653297,0.6226572522504226,0.0
xAPI-Edu,71,0.3614759306981624,0.5712572750534454,0.0
xAPI-Edu,72,0.3697097437202158,0.5796139635966733,0.0
xAPI-Edu,73,0.3407248746293724,0.6115991977072703,0.0
xAPI-Edu,74,0.3679085620835061,0.6411435013767107,0.0
xAPI-Edu,75,0.32687458636334454,0.5758757106750502,0.0
xAPI-Edu,76,0.39650950738169044,0.6714256507164836,0.0
xAPI-Edu,77,0.3943080398089544,0.5212142797559645,0.0
xAPI-Edu,78,0.3568717797322756,0.5994104473893419,0.0
xAPI-Edu,79,0.3722401089325243,0.7758769174894906,0.0
xAPI-Edu,80,0.30304510864578377,0.6141702016198631,0.0
xAPI-Edu,81,0.3343214537696316,0.6965787816819627,0.0
xAPI-Edu,82,0.3558423141523908,0.6052111689379013,0.0
xAPI-Edu,83,0.3364225865841473,0.6385289191823452,0.0
xAPI-Edu,84,0.3809960219969075,0.5951119050250357,0.0
xAPI-Edu,85,0.41300403658939644,0.587374234268876,0.0
xAPI-Edu,86,0.33381579604016226,0.5458970433014267,0.0
xAPI-Edu,87,0.34227753104946923,0.6282817201617649,0.0
xAPI-Edu,88,0.3690463940779437,0.5409902070464356,0.0
xAPI-Edu,89,0.40336893888363323,0.6443042416374878,0.0
xAPI-Edu,90,0.332674106376825,0.672885378045446,0.0
xAPI-Edu,91,0.3693854049220494,0.6239390706252679,0.0
xAPI-Edu,92,0.40861294133932846,0.5794856047001031,0.0
xAPI-Edu,93,0.32196106906335126,0.6298932223311589,0.0
xAPI-Edu,94,0.33120968439305015,0.5779585379724013,0.0
xAPI-Edu,95,0.35260314794924313,0.6626882899419015,0.0
xAPI-Edu,96,0.3501834777038184,0.47426242871144153,0.0
xAPI-Edu,97,0.3834462057349485,0.5761243468392379,0.0
xAPI-Edu,98,0.3692013656441947,0.4634070965926518,0.0
xAPI-Edu,99,0.3188871892285758,0.4971670965358659,0.0
EntranceExam,0,0.634561101145386,0.470294185326771,0.0
EntranceExam,1,0.5901943263234054,0.40193436230021795,0.0
EntranceExam,2,0.5645237459764363,0.517769052405249,0.0
EntranceExam,3,0.5963397595389268,0.39880400957075984,0.0
EntranceExam,4,0.632477005438211,0.3982393583377417,0.0
EntranceExam,5,0.5663158576206405,0.47190294909651087,0.0
EntranceExam,6,0.5684519529803915,0.48577537511052526,0.0
EntranceExam,7,0.6164482805041741,0.4660841357367536,0.0
EntranceExam,8,0.5909628737225969,0.3326295200214884,0.0
EntranceExam,9,0.619353813971828,0.4717092328327528,0.0
EntranceExam,10,0.5977546252325323,0.373365187577126,0.0
EntranceExam,11,0.6211238424111294,0.45277285039521065,0.0
EntranceExam,12,0.5643844280823059,0.3490080477623028,0.0
EntranceExam,13,0.5978056604340635,0.4659729776078285,0.0
EntranceExam,14,0.5913172162349785,0.3876075290602195,0.0
EntranceExam,15,0.5584772672309611,0.3578333029019002,0.0
EntranceExam,16,0.5471215869641897,0.48270395986553327,0.0
EntranceExam,17,0.6206039114518599,0.4531711702353813,0.0
EntranceExam,18,0.5867348397539206,0.3996553093036618,0.0
EntranceExam,19,0.5648025337158022,0.5288229441089856,0.0
EntranceExam,20,0.5950582971543024,0.4104960903321372,0.0
EntranceExam,21,0.6350528820628094,0.4400654370102375,0.0
EntranceExam,22,0.523688680936774,0.4548767378881799,0.0
EntranceExam,23,0.5493052278679912,0.39929947567948976,0.0
EntranceExam,24,0.5680497339492484,0.46752500809492675,0.0
EntranceExam,25,0.6459372312629527,0.404691807784809,0.0
EntranceExam,26,0.6074325930503307,0.4123108119434362,0.0
EntranceExam,27,0.6232687475783675,0.5232853408116311,0.0
EntranceExam,28,0.5609513691517294,0.3729725224918613,0.0
EntranceExam,29,0.561625190058439,0.28714698706502756,0.0
EntranceExam,30,0.612830556243184,0.53881520878617,0.0
EntranceExam,31,0.6001042908365933,0.597507995691102,0.0
EntranceExam,32,0.616127782872638,0.4127091722308816,0.0
EntranceExam,33,0.5920692485385632,0.3169153679281159,0.0
EntranceExam,34,0.6072874317056706,0.4186376317272612,0.0
EntranceExam,35,0.6033662224533557,0.42015506669233627,0.0
EntranceExam,36,0.6236101543007063,0.42617820984740135,0.0
EntranceExam,37,0.6245654552967895,0.36841903482653615,0.0
EntranceExam,38,0.5452791914848367,0.4743065702045598,0.0
EntranceExam,39,0.5247821238168686,0.47086316636539627,0.0
EntranceExam,40,0.6309275237022554,0.34458783384834224,0.0
EntranceExam,41,0.6370034868857776,0.4817893214900553,0.0
EntranceExam,42,0.5648566765278901,0.5664448659700436,0.0
EntranceExam,43,0.5374395783870001,0.4488126891176925,0.0
EntranceExam,44,0.60143593747794,0.41695881759340453,0.0
EntranceExam,45,0.6286109839269947,0.4291754628617074,0.0
EntranceExam,46,0.6569279425433944,0.4765391958120375,0.0
EntranceExam,47,0.6150679262022063,0.32981029465891665,0.0
EntranceExam,48,0.5860564688746951,0.4483392375725397,0.0
EntranceExam,49,0.5690218576432253,0.4136351884602836,0.0
EntranceExam,50,0.5985745805003133,0.5536316537284355,0.0
EntranceExam,51,0.5884234780192998,0.42716338172266205,0.0
EntranceExam,52,0.5650381622902161,0.5423772533138322,0.0
EntranceExam,53,0.6651333854249815,0.36902243952605435,0.0
EntranceExam,54,0.6565219807550022,0.4747880523604954,0.0
EntranceExam,55,0.6353152167668122,0.4580344962996644,0.0
EntranceExam,56,0.5681162515810082,0.3837016225813524,0.0
EntranceExam,57,0.6261339777356543,0.44915267662901387,0.0
EntranceExam,58,0.6190970836488185,0.5138956676632884,0.0
EntranceExam,59,0.6126584474756882,0.41780528392734695,0.0
EntranceExam,60,0.6390270745373444,0.3322313927175009,0.0
EntranceExam,61,0.6189580639384392,0.43695873604015417,0.0
EntranceExam,62,0.6223767574742202,0.38161409024139764,0.0
EntranceExam,63,0.6190082170328152,0.41664509983590436,0.0
EntranceExam,64,0.6093341336607746,0.4329542192469416,0.0
EntranceExam,65,0.5399298281865728,0.33137516235509656,0.0
EntranceExam,66,0.6009323699336118,0.33700393721151195,0.0
EntranceExam,67,0.5800296555814254,0.46820867195010407,0.0
EntranceExam,68,0.5563880173906829,0.40536315684829377,0.0
EntranceExam,69,0.6531454743841926,0.27764221590727184,0.0
EntranceExam,70,0.6546868048743544,0.4871462348059485,0.0
EntranceExam,71,0.642606251120099,0.45509291678839925,0.0
EntranceExam,72,0.6065382976862203,0.3934070677708677,0.0
EntranceExam,73,0.6423254365082613,0.3556945005756941,0.0
EntranceExam,74,0.5985942442328211,0.49033383048062845,0.0
EntranceExam,75,0.6048258605539709,0.4599077773780243,0.0
EntranceExam,76,0.5624767183454041,0.5870799388804877,0.0
EntranceExam,77,0.611170186251952,0.4643384234814942,0.0
EntranceExam,78,0.6001732768006756,0.4623065816175584,0.0
EntranceExam,79,0.5556427760191236,0.4276165166512106,0.0
EntranceExam,80,0.5965278549594116,0.48914344941387927,0.0
EntranceExam,81,0.5955956987497624,0.47715392701134446,0.0
EntranceExam,82,0.6569268528085749,0.5163478646546312,0.0
EntranceExam,83,0.6274144472291137,0.40545045742660024,0.0
EntranceExam,84,0.5985743892963458,0.41082414192889294,0.0
EntranceExam,85,0.6063283565431824,0.40809114213947495,0.0
EntranceExam,86,0.5996448863440187,0.48751886532645144,0.0
EntranceExam,87,0.5915712593938927,0.5317748489192089,0.0
EntranceExam,88,0.5628375318673747,0.40935849560065507,0.0
EntranceExam,89,0.5932655962561165,0.41148924226163797,0.0
EntranceExam,90,0.5738254101664345,0.4577015603892464,0.0
EntranceExam,91,0.557352613856512,0.42268577655626316,0.0
EntranceExam,92,0.6149021010247596,0.49760456063711894,0.0
EntranceExam,93,0.6109830965729871,0.2972171151491734,0.0
EntranceExam,94,0.5398286692892563,0.38634996627776774,0.0
EntranceExam,95,0.5941923549862657,0.38912005690017704,0.0
EntranceExam,96,0.6307300656261849,0.2929277768192259,0.0
EntranceExam,97,0.6328053431282262,0.3777853028485608,0.0
EntranceExam,98,0.6317145920636565,0.380817688181792,0.0
EntranceExam,99,0.5994717622348231,0.4254788924694292,0.0
UCI,0,2.0681144720747833,0.20355904410580256,0.0
UCI,1,2.025744052905679,0.18692597503296177,0.0
UCI,2,1.9888544658729637,0.28647228252054285,0.0
UCI,3,2.2449786672137058,0.28888898216026987,0.0
UCI,4,1.9187977209456244,0.3521760335886919,0.0
UCI,5,2.3146306685239084,0.33911848444709464,0.0
UCI,6,1.977346344711849,0.2532391408261918,0.0
UCI,7,1.8221735144895908,0.17573935978885147,0.0
UCI,8,2.0209286090597796,0.2402145939406498,0.0
UCI,9,1.8517995003927332,0.2775949112650695,0.0
UCI,10,1.899681441851679,0.2483705920535612,0.0
UCI,11,2.0691978044082195,0.2221782753541478,0.0
UCI,12,2.0925934066280707,0.28007980726838055,0.0
UCI,13,1.918803585759634,0.2273313055712484,0.0
UCI,14,2.1563136062196855,0.2186815156644461,0.0
UCI,15,2.1814141011776447,0.2841617332134377,0.0
UCI,16,2.2225531950007134,0.23443781595119126,0.0
UCI,17,2.088731932385125,0.2794678513055293,0.0
UCI,18,2.211799982845456,0.2814959641195302,0.0
UCI,19,1.7330789006264555,0.1830418340858375,0.0
UCI,20,1.963700635656337,0.22891455102835712,0.0
UCI,21,1.882675135207578,0.36266142710033844,0.0
UCI,22,2.0282042882173186,0.1814631959110229,0.0
UCI,23,1.9262876505590898,0.11493364201688083,0.0
UCI,24,1.9860928116509058,0.13269269699448838,0.0
UCI,25,2.2883466351843555,0.2644837114546545,0.0
UCI,26,1.9855672064372798,0.2646096742795141,0.0
UCI,27,2.0716707800947067,0.2542579354221754,0.0
UCI,28,1.9763373408703737,0.3470784171282144,0.0
UCI,29,2.0217835336834793,0.0761704136682764,0.0
UCI,30,2.011499039429875,0.2900496794592806,0.0
UCI,31,2.07676631608359,0.37128005752423643,0.0
UCI,32,2.182565043382717,0.18385366344423848,0.0
UCI,33,2.253702156437754,0.23598408452922348,0.0
UCI,34,2.056299031120929,0.20998171986823616,0.0
UCI,35,2.097605282757504,0.20012300712441727,0.0
UCI,36,1.8407886078895377,0.2397158943782505,0.0
UCI,37,1.9976440412869334,0.3619441452275881,0.0
UCI,38,2.1493611739690235,0.39051241755701527,0.0
UCI,39,2.138394325797977,0.23904143592953808,0.0
UCI,40,2.0418365356263295,0.39522895699363025,0.0
UCI,41,2.1414083046052075,0.26493439936500385,0.0
UCI,42,2.083029190759717,0.38467920953397905,0.0
UCI,43,2.1877294864656793,0.2559523861591145,0.0
UCI,44,2.0533093107650275,0.27158901737050073,0.0
UCI,45,1.958124048448148,0.2879267969741953,0.0
UCI,46,2.0601682513519894,0.4840065979968853,0.0
UCI,47,1.5781700639201683,0.3217856326500553,0.0
UCI,48,2.067110177161564,0.21316174231139118,0.0
UCI,49,1.4722481262505958,0.32998964702923267,0.0
UCI,50,1.756295398135992,0.2372367892394267,0.0
UCI,51,2.0772745947694986,0.2283215081144686,0.0
UCI,52,2.081075872251082,0.3257802835313426,0.0
UCI,53,1.8390821736396088,0.2646214047067339,0.0
UCI,54,1.9055327932125907,0.2818703606620327,0.0
UCI,55,2.2128494767833775,0.26342958657705495,0.0
UCI,56,1.93918728995771,0.2859132008799503,0.0
UCI,57,2.34157855645626,0.29207308010166955,0.0
UCI,58,2.0103279173733797,0.12745704886914913,0.0
UCI,59,2.070821398840208,0.3089119788552308,0.0
UCI,60,2.249198656873283,0.19401256966922442,0.0
UCI,61,2.0299456920564616,0.16193315610875597,0.0
UCI,62,1.862704431000321,0.2583838804881025,0.0
UCI,63,1.994419730922233,0.2683079758344198,0.0
UCI,64,2.0053564602956375,0.21412063812589757,0.0
UCI,65,1.809228703805682,0.32037404020474713,0.0
UCI,66,1.9728604014996034,0.16891134373065836,0.0
UCI,67,1.901092677988745,0.23409274189928309,0.0
UCI,68,2.147010276815207,0.22169179906483077,0.0
UCI,69,2.015718572004779,0.25920795794251345,0.0
UCI,70,1.9688816168883592,0.28189045875568514,0.0
UCI,71,1.994942911208694,0.19220930171249556,0.0
UCI,72,2.043535298872132,0.3129341053515915,0.0
UCI,73,2.101628872148194,0.26684585989827947,0.0
UCI,74,1.8630927747017434,0.1305947865179824,0.0
UCI,75,1.8569136023341029,0.1259499185273699,0.0
UCI,76,2.17361867379152,0.2615962809158075,0.0
UCI,77,1.9497664119583349,0.24705445765218317,0.0
UCI,78,1.8015407158401817,0.25524696592035956,0.0
UCI,79,2.0761006162371154,0.26050462928388013,0.0
UCI,80,2.078986479054038,0.27817538011604903,0.0
UCI,81,1.7847374889796073,0.3285017698718233,0.0
UCI,82,2.0444737415046865,0.18501589571001986,0.0
UCI,83,2.119154517058718,0.18077376268207423,0.0
UCI,84,2.065856015050264,0.18625515395540643,0.0
UCI,85,2.103866970262666,0.2825910643334551,0.0
UCI,86,1.8033959982470096,0.34922207917498876,0.0
UCI,87,2.059459796420872,0.23239247272651842,0.0
UCI,88,1.96595636804912,0.08809772018561018,0.0
UCI,89,1.939370261469292,0.143694287417899,0.0
UCI,90,2.1390711833753473,0.20439598955108096,0.0
UCI,91,2.228894293347342,0.2235836999872483,0.0
UCI,92,2.275390075941628,0.23399204040671212,0.0
UCI,93,2.2046254477664085,0.2651438095958353,0.0
UCI,94,1.9944187378468239,0.24072757119101687,0.0
UCI,95,2.062658917955413,0.3355891028039192,0.0
UCI,96,2.1237642870704594,0.21533953245882193,0.0
UCI,97,2.028492340108255,0.20235521984321606,0.0
UCI,98,2.0299068941220964,0.29583033816050147,0.0
UCI,99,2.1321649675856094,0.15542757593181075,0.0
Dropout,0,0.21270073970480705,0.6499235360996107,0.0
Dropout,1,0.2097851712720426,0.6359551904298498,0.0
Dropout,2,0.20969616661954413,0.6425184752157206,0.0
Dropout,3,0.20925156247815216,0.6643753238138606,0.0
Dropout,4,0.20011499702322122,0.6512218737828337,0.0
Dropout,5,0.21027462490129406,0.6582522156759915,0.0
Dropout,6,0.1986545219699407,0.6651293774947942,0.0
Dropout,7,0.20182556632103058,0.6433447205655837,0.0
Dropout,8,0.21368087755835893,0.6669258395441143,0.0
Dropout,9,0.21106282830611228,0.6590576342234767,0.0
Dropout,10,0.21471959498842735,0.6254159086408465,0.0
Dropout,11,0.2047802628702937,0.681228846645405,0.0
Dropout,12,0.1998047310908454,0.6407198708842674,0.0
Dropout,13,0.20495676312347916,0.6166538038020084,0.0
Dropout,14,0.20689182138257092,0.6293722478735962,0.0
Dropout,15,0.2067616233140679,0.6298725730678504,0.0
Dropout,16,0.21272097443559795,0.6522471860584003,0.0
Dropout,17,0.20427401612756896,0.6454501945485517,0.0
Dropout,18,0.20830442054358117,0.6441371479815449,0.0
Dropout,19,0.20072924680959148,0.6640791047946643,0.0
Dropout,20,0.20885975033041546,0.6582452395603291,0.0
Dropout,21,0.2063328757222238,0.6577484806153222,0.0
Dropout,22,0.20207862243195637,0.6597036317550871,0.0
Dropout,23,0.2049827988877003,0.6640047332644685,0.0
Dropout,24,0.20527465859816865,0.6072125552088542,0.0
Dropout,25,0.20478884715097015,0.6435616081949506,0.0
Dropout,26,0.2163239649221052,0.6057061366763968,0.0
Dropout,27,0.20575905950608878,0.6519112517507374,0.0
Dropout,28,0.20493721914064172,0.6510628803476962,0.0
Dropout,29,0.19446403204230342,0.6729568762399443,0.0
Dropout,30,0.20126274934171476,0.675919441602983,0.0
Dropout,31,0.2048288610843555,0.6553869525460936,0.0
Dropout,32,0.20244002095335278,0.6407278696156424,0.0
Dropout,33,0.21412240821592848,0.6612741777701678,0.0
Dropout,34,0.20538335938530794,0.6401533664966611,0.0
Dropout,35,0.21359544002121597,0.6511304350207063,0.0
Dropout,36,0.20666396263362283,0.6717185807808059,0.0
Dropout,37,0.20652566077463574,0.6395309720908847,0.0
Dropout,38,0.20581358262464283,0.6679563731987876,0.0
Dropout,39,0.2063367614587668,0.6652820302394482,0.0
Dropout,40,0.21602706159852428,0.631253832289293,0.0
Dropout,41,0.1932087571681012,0.6714633538716871,0.0
Dropout,42,0.19500592765582783,0.6657232807129252,0.0
Dropout,43,0.2032462197348742,0.6532844347563314,0.0
Dropout,44,0.20639739865670378,0.6352664402817724,0.0
Dropout,45,0.21021462561498316,0.633246618745402,0.0
Dropout,46,0.2089884077761519,0.6399502025967767,0.0
Dropout,47,0.20414419715644652,0.6624715565149808,0.0
Dropout,48,0.21207323935254233,0.6312364584831681,0.0
Dropout,49,0.21213625013667195,0.6602807874118128,0.0
Dropout,50,0.2073552979498409,0.6252711716136616,0.0
Dropout,51,0.21175463945071926,0.6469050180617296,0.0
Dropout,52,0.2078558457231447,0.6534454213527432,0.0
Dropout,53,0.20314274987948067,0.7021358936465875,0.0
Dropout,54,0.21025820326113984,0.6224449946245726,0.0
Dropout,55,0.2069403114839217,0.6818482403077952,0.0
Dropout,56,0.20632288197319523,0.6542834053848626,0.0
Dropout,57,0.21463797764155965,0.6597316404164403,0.0
Dropout,58,0.1924670876018464,0.6536268035131999,0.0
Dropout,59,0.19830493524409784,0.6604311977944611,0.0
Dropout,60,0.19960797782169182,0.6479554200903397,0.0
Dropout,61,0.2042627707234617,0.6814737162286273,0.0
Dropout,62,0.2048766925236731,0.6416428932457948,0.0
Dropout,63,0.1977984317715312,0.6747644581879216,0.0
Dropout,64,0.20074884844843896,0.6377256109531702,0.0
Dropout,65,0.20145127623707465,0.6499033300709909,0.0
Dropout,66,0.22020055592827611,0.6288110399748781,0.0
Dropout,67,0.21649573878509548,0.6606458690893512,0.0
Dropout,68,0.2039887934185576,0.6812876627139284,0.0
Dropout,69,0.20426094768716707,0.6495467364713717,0.0
Dropout,70,0.19982193544919932,0.6470547678951224,0.0
Dropout,71,0.19553375462733955,0.6279217746930487,0.0
Dropout,72,0.20565490037674947,0.6463791430462251,0.0
Dropout,73,0.20067712350146766,0.6179526657376078,0.0
Dropout,74,0.20583587833233574,0.6321276578452975,0.0
Dropout,75,0.19727362845805826,0.6558875372778199,0.0
Dropout,76,0.2020099081527262,0.6786584457983903,0.0
Dropout,77,0.20715510278035545,0.7097263007058101,0.0
Dropout,78,0.20838451461079868,0.6389302591203462,0.0
Dropout,79,0.20867416360508667,0.6810828130185076,0.0
Dropout,80,0.19885411962322327,0.6562412559366334,0.0
Dropout,81,0.21114456346194374,0.648006236556773,0.0
Dropout,82,0.20179385533329858,0.660178260475889,0.0
Dropout,83,0.20989116423350396,0.6524503129620804,0.0
Dropout,84,0.20625519942437956,0.6534610151603698,0.0
Dropout,85,0.19853827485278294,0.6426464807954559,0.0
Dropout,86,0.20452869164184748,0.6220114782369841,0.0
Dropout,87,0.2083797352511656,0.6189777493036573,0.0
Dropout,88,0.20977876495267314,0.6647784123622951,0.0
Dropout,89,0.20551868397692655,0.6453907860008214,0.0
Dropout,90,0.2149703598026249,0.6387321222289549,0.0
Dropout,91,0.21200807459481388,0.6513367957454913,0.0
Dropout,92,0.20486513226047512,0.6677323309932718,0.0
Dropout,93,0.21055374335297766,0.6549197226057073,0.0
Dropout,94,0.21724187287449603,0.6374819416777011,0.0
Dropout,95,0.2173926863494117,0.676725400874963,0.0
Dropout,96,0.1993767131062927,0.684082555383432,0.0
Dropout,97,0.20108009829988963,0.661470057395353,0.0
Dropout,98,0.21470558499117084,0.6714585459379917,0.0
Dropout,99,0.20033567963647356,0.6770520295992352,0.0
OULAD,0,0.29617009848021875,0.4604001274561868,0.0
OULAD,1,0.29164301941098136,0.4672193344152622,0.0
OULAD,2,0.29735759768506964,0.4746098927385443,0.0
OULAD,3,0.2976531753349747,0.4703486504253664,0.0
OULAD,4,0.29552512571058587,0.4658791376254227,0.0
OULAD,5,0.2908038202833332,0.4656863153365927,0.0
OULAD,6,0.29394688059541724,0.4653754640330579,0.0
OULAD,7,0.2986675817542642,0.4640124122017719,0.0
OULAD,8,0.2901743023451889,0.48978698293410805,0.0
OULAD,9,0.295320949647045,0.47360932319980764,0.0
OULAD,10,0.29355813592791924,0.4784137930374865,0.0
OULAD,11,0.29776056745125945,0.4671958249454632,0.0
OULAD,12,0.29462725979855764,0.46966733904255703,0.0
OULAD,13,0.2969122418335346,0.46536554182545686,0.0
OULAD,14,0.2972542399543478,0.4495626805555395,0.0
OULAD,15,0.29994515121261106,0.45994786452061964,0.0
OULAD,16,0.2956271083566517,0.45642055702354273,0.0
OULAD,17,0.2968531417091694,0.45283979726355705,0.0
OULAD,18,0.2929121668803587,0.4614371150474506,0.0
OULAD,19,0.29857761043972797,0.48198665629307613,0.0
OULAD,20,0.294446431706187,0.4708212352604162,0.0
OULAD,21,0.294869422542517,0.4817062396724299,0.0
OULAD,22,0.29600973752763116,0.4745345201324588,0.0
OULAD,23,0.2927473602457743,0.47756419003488765,0.0
OULAD,24,0.29654128070397223,0.4638380289864151,0.0
OULAD,25,0.29810550806430475,0.47545561477642306,0.0
OULAD,26,0.29667715084521407,0.47712516483017314,0.0
OULAD,27,0.2926922759144693,0.4664818189740694,0.0
OULAD,28,0.2957946758192024,0.4757457952821129,0.0
OULAD,29,0.2976281328170684,0.47579999517054067,0.0
OULAD,30,0.2920801103983423,0.4667027370489484,0.0
OULAD,31,0.2937809759646202,0.4620289865168524,0.0
OULAD,32,0.29791297462794925,0.46152868478413933,0.0
OULAD,33,0.29662878937905074,0.47188887658004264,0.0
OULAD,34,0.2969292194329107,0.4738498434686438,0.0
OULAD,35,0.2999944244511326,0.46472163997467064,0.0
OULAD,36,0.29704903303177005,0.4714003135223376,0.0
OULAD,37,0.2974499601414748,0.47583545727387466,0.0
OULAD,38,0.30179699171327284,0.4762240044860106,0.0
OULAD,39,0.29560410621089694,0.4838368987411119,0.0
OULAD,40,0.29436729051420624,0.4815954904124539,0.0
OULAD,41,0.2969627292964695,0.4630194567378117,0.0
OULAD,42,0.2969864345047511,0.4849107724785808,0.0
OULAD,43,0.2949415013964826,0.466854198563157,0.0
OULAD,44,0.2938706944931689,0.4797029833327534,0.0
OULAD,45,0.30094806296546067,0.47173788145530815,0.0
OULAD,46,0.2967489562698075,0.46782306287749975,0.0
OULAD,47,0.294506196351163,0.4564443802651117,0.0
OULAD,48,0.29799637799090845,0.46978468646516003,0.0
OULAD,49,0.29582572789713085,0.4584690207442015,0.0
OULAD,50,0.2955213588865147,0.47907048238299127,0.0
OULAD,51,0.29724749015878765,0.4835508109438102,0.0
OULAD,52,0.29332122110829384,0.464685885311143,0.0
OULAD,53,0.29680355465414426,0.47364568540556645,0.0
OULAD,54,0.3001076287560586,0.4652690237064893,0.0
OULAD,55,0.29704400360060057,0.46605915922136665,0.0
OULAD,56,0.2952601998643273,0.47749843871914616,0.0
OULAD,57,0.2949830268180952,0.4708693242002536,0.0
OULAD,58,0.2951879323419836,0.48536787609275966,0.0
OULAD,59,0.2955190693226126,0.4672516359895821,0.0
OULAD,60,0.2952568235788151,0.4793316988297799,0.0
OULAD,61,0.29799718507194617,0.4719778145804766,0.0
OULAD,62,0.29238668879446217,0.47767197346861184,0.0
OULAD,63,0.2978821779036515,0.4675376207127334,0.0
OULAD,64,0.29525284259806883,0.4707794672553143,0.0
OULAD,65,0.29685505473925483,0.4702418210508425,0.0
OULAD,66,0.2936703934081298,0.4643667049578474,0.0
OULAD,67,0.29887029312560315,0.4765818709979799,0.0
OULAD,68,0.2986945445930753,0.4764853937416817,0.0
OULAD,69,0.2980888307638389,0.47602313317677086,0.0
OULAD,70,0.29284927708931763,0.4837152927194251,0.0
OULAD,71,0.29781255497069237,0.483000870683461,0.0
OULAD,72,0.2969141498891259,0.46812641360474366,0.0
OULAD,73,0.2926576037971085,0.4742252534265415,0.0
OULAD,74,0.29600539741747806,0.46609898155042906,0.0
OULAD,75,0.2968287689439383,0.47137397731220915,0.0
OULAD,76,0.29723436642547835,0.4662934541105466,0.0
OULAD,77,0.29643220845808194,0.4843928916603434,0.0
OULAD,78,0.296673545911411,0.47414898363906544,0.0
OULAD,79,0.29917729643521723,0.4694058343324078,0.0
OULAD,80,0.29865303835914087,0.48091579107224713,0.0
OULAD,81,0.2899857117808625,0.45348530144471133,0.0
OULAD,82,0.29538465588271384,0.4547614383513391,0.0
OULAD,83,0.29570819134462106,0.4776724679452436,0.0
OULAD,84,0.2923466893694179,0.4716765815270173,0.0
OULAD,85,0.2962562858585009,0.47322557768219026,0.0
OULAD,86,0.29870115730890345,0.46036869571989464,0.0
OULAD,87,0.2937559849480686,0.4709941108023623,0.0
OULAD,88,0.2967691947014156,0.48751928606317413,0.0
OULAD,89,0.2941175449757232,0.477903710822188,0.0
OULAD,90,0.2946340400470692,0.4725672611003557,0.0
OULAD,91,0.2991853055273684,0.46760369511641997,0.0
OULAD,92,0.29490795423851046,0.4679663741729917,0.0
OULAD,93,0.2970356071420596,0.45382300175785434,0.0
OULAD,94,0.2920944475983952,0.4732842353894813,0.0
OULAD,95,0.30000040177769527,0.4780772470621829,0.0
OULAD,96,0.2973329959882486,0.4583366387660383,0.0
OULAD,97,0.29567039555891655,0.4657906448024101,0.0
OULAD,98,0.2972755977713999,0.461746088906765,0.0
OULAD,99,0.2930714830933906,0.4633124976884752,0.0
